-- phpMyAdmin SQL Dump
-- version 5.0.1
-- https://www.phpmyadmin.net/
--
-- Host: 127.0.0.1
-- Generation Time: Feb 01, 2021 at 08:44 AM
-- Server version: 10.4.11-MariaDB
-- PHP Version: 7.4.3

SET SQL_MODE = "NO_AUTO_VALUE_ON_ZERO";
SET AUTOCOMMIT = 0;
START TRANSACTION;
SET time_zone = "+00:00";


/*!40101 SET @OLD_CHARACTER_SET_CLIENT=@@CHARACTER_SET_CLIENT */;
/*!40101 SET @OLD_CHARACTER_SET_RESULTS=@@CHARACTER_SET_RESULTS */;
/*!40101 SET @OLD_COLLATION_CONNECTION=@@COLLATION_CONNECTION */;
/*!40101 SET NAMES utf8mb4 */;

--
-- Database: `eapi`
--

-- --------------------------------------------------------

--
-- Table structure for table `failed_jobs`
--

CREATE TABLE `failed_jobs` (
  `id` bigint(20) UNSIGNED NOT NULL,
  `connection` text COLLATE utf8mb4_unicode_ci NOT NULL,
  `queue` text COLLATE utf8mb4_unicode_ci NOT NULL,
  `payload` longtext COLLATE utf8mb4_unicode_ci NOT NULL,
  `exception` longtext COLLATE utf8mb4_unicode_ci NOT NULL,
  `failed_at` timestamp NOT NULL DEFAULT current_timestamp()
) ENGINE=InnoDB DEFAULT CHARSET=utf8mb4 COLLATE=utf8mb4_unicode_ci;

-- --------------------------------------------------------

--
-- Table structure for table `migrations`
--

CREATE TABLE `migrations` (
  `id` int(10) UNSIGNED NOT NULL,
  `migration` varchar(255) COLLATE utf8mb4_unicode_ci NOT NULL,
  `batch` int(11) NOT NULL
) ENGINE=InnoDB DEFAULT CHARSET=utf8mb4 COLLATE=utf8mb4_unicode_ci;

--
-- Dumping data for table `migrations`
--

INSERT INTO `migrations` (`id`, `migration`, `batch`) VALUES
(1, '2014_10_12_000000_create_users_table', 1),
(2, '2014_10_12_100000_create_password_resets_table', 1),
(3, '2019_08_19_000000_create_failed_jobs_table', 1),
(4, '2021_02_01_065449_create_products_table', 1),
(5, '2021_02_01_065509_create_reviews_table', 1);

-- --------------------------------------------------------

--
-- Table structure for table `password_resets`
--

CREATE TABLE `password_resets` (
  `email` varchar(255) COLLATE utf8mb4_unicode_ci NOT NULL,
  `token` varchar(255) COLLATE utf8mb4_unicode_ci NOT NULL,
  `created_at` timestamp NULL DEFAULT NULL
) ENGINE=InnoDB DEFAULT CHARSET=utf8mb4 COLLATE=utf8mb4_unicode_ci;

-- --------------------------------------------------------

--
-- Table structure for table `products`
--

CREATE TABLE `products` (
  `id` bigint(20) UNSIGNED NOT NULL,
  `name` varchar(255) COLLATE utf8mb4_unicode_ci NOT NULL,
  `details` text COLLATE utf8mb4_unicode_ci NOT NULL,
  `price` int(11) NOT NULL,
  `stock` int(11) NOT NULL,
  `discount` int(11) NOT NULL,
  `created_at` timestamp NULL DEFAULT NULL,
  `updated_at` timestamp NULL DEFAULT NULL
) ENGINE=InnoDB DEFAULT CHARSET=utf8mb4 COLLATE=utf8mb4_unicode_ci;

--
-- Dumping data for table `products`
--

INSERT INTO `products` (`id`, `name`, `details`, `price`, `stock`, `discount`, `created_at`, `updated_at`) VALUES
(1, 'perspiciatis', 'Dolores repudiandae accusamus enim fugit molestiae. A recusandae et sit quos necessitatibus saepe. Magni dolorem est eum dolorem cupiditate et voluptas dolore.', 848, 9, 4, '2021-02-01 01:42:59', '2021-02-01 01:42:59'),
(2, 'facere', 'Molestiae quaerat adipisci maxime sint. Aliquam quaerat rem molestiae. Consequuntur sunt iusto alias nam. Quod expedita adipisci est ducimus sit.', 477, 4, 16, '2021-02-01 01:42:59', '2021-02-01 01:42:59'),
(3, 'omnis', 'Dignissimos ullam repellat quae fugiat distinctio beatae consequatur. Consequuntur nulla et consectetur eos recusandae et et non. Veniam asperiores iure quasi minus incidunt esse.', 214, 7, 17, '2021-02-01 01:42:59', '2021-02-01 01:42:59'),
(4, 'facilis', 'Vel enim ducimus ut dolores illo. Pariatur amet aperiam et eligendi. Blanditiis dicta optio commodi doloremque ducimus sequi.', 655, 0, 18, '2021-02-01 01:42:59', '2021-02-01 01:42:59'),
(5, 'beatae', 'Enim laborum illum nihil. Assumenda provident enim perspiciatis dolorem ab amet. Neque sit consectetur voluptates eum ad quia possimus.', 195, 2, 13, '2021-02-01 01:42:59', '2021-02-01 01:42:59'),
(6, 'explicabo', 'Officia repellendus quo suscipit quisquam ullam aut. Voluptates consequuntur sunt in consequuntur perspiciatis quo.', 336, 6, 4, '2021-02-01 01:42:59', '2021-02-01 01:42:59'),
(7, 'eveniet', 'Commodi eos esse ut tenetur. Vel minus velit sint est.', 805, 3, 8, '2021-02-01 01:42:59', '2021-02-01 01:42:59'),
(8, 'saepe', 'Cumque qui eveniet unde et facere porro error. Officiis qui facere voluptatem perferendis harum. Qui modi assumenda est eos. Omnis fuga soluta fugiat explicabo accusantium et.', 619, 8, 15, '2021-02-01 01:42:59', '2021-02-01 01:42:59'),
(9, 'voluptatibus', 'Dicta exercitationem vero exercitationem deleniti enim. Nisi nihil nihil aut quam. A consequuntur qui consequatur dicta nihil. Et quibusdam aliquid sed est voluptate praesentium aut doloremque.', 409, 9, 24, '2021-02-01 01:42:59', '2021-02-01 01:42:59'),
(10, 'iure', 'Quasi dolorem id quasi quibusdam impedit et officia. Commodi corporis minus velit accusamus autem vel molestiae.', 439, 0, 23, '2021-02-01 01:42:59', '2021-02-01 01:42:59'),
(11, 'ut', 'Similique ea veniam mollitia ipsum et dignissimos. Ad animi corporis dolor quo. Unde aut rem laudantium voluptatem voluptate. Atque et consequatur quo consequuntur repellat consectetur.', 367, 6, 12, '2021-02-01 01:42:59', '2021-02-01 01:42:59'),
(12, 'culpa', 'Atque sed aliquid quia laborum veritatis. Non ut nesciunt in magnam iure. Voluptatem velit esse distinctio.', 617, 3, 24, '2021-02-01 01:42:59', '2021-02-01 01:42:59'),
(13, 'nemo', 'Voluptas reprehenderit eius totam est. Assumenda autem et commodi rerum. Voluptatum expedita rerum similique nulla.', 410, 4, 16, '2021-02-01 01:42:59', '2021-02-01 01:42:59'),
(14, 'asperiores', 'Est illo et dignissimos dolor maxime molestiae nisi. Est est reiciendis laudantium molestias distinctio illum labore. Perferendis expedita ut excepturi fugiat est ut.', 252, 7, 7, '2021-02-01 01:42:59', '2021-02-01 01:42:59'),
(15, 'architecto', 'Deserunt quidem facere doloremque similique magnam. Repellendus commodi et eum omnis quibusdam. Consectetur consectetur vitae nesciunt fuga. Aliquam odio amet magnam facere aspernatur.', 974, 0, 25, '2021-02-01 01:42:59', '2021-02-01 01:42:59'),
(16, 'aut', 'Delectus tenetur eveniet quae natus error vero. Similique quis corporis dolores alias ea ea pariatur. Quibusdam adipisci cum est autem earum minima rerum. Dolor asperiores soluta provident natus voluptas aperiam.', 817, 4, 18, '2021-02-01 01:42:59', '2021-02-01 01:42:59'),
(17, 'non', 'Qui sit aliquid veniam est voluptatem fuga eos. Consectetur dolorem adipisci quo facere id eos. Ratione neque molestias hic amet. Voluptate nisi nam velit cumque facilis ad.', 147, 7, 27, '2021-02-01 01:42:59', '2021-02-01 01:42:59'),
(18, 'facilis', 'Repellendus eos provident in doloribus. Beatae explicabo sequi possimus corrupti aut voluptatem. Aut eum rerum facilis officia non exercitationem provident. Eum dolores quaerat et animi.', 556, 3, 11, '2021-02-01 01:42:59', '2021-02-01 01:42:59'),
(19, 'doloribus', 'Nesciunt consectetur aut saepe quia deleniti sed dolor. Ea voluptas rerum eligendi unde. Expedita aut perferendis numquam quia eaque quod. Fugiat dolores et deserunt et quaerat.', 259, 1, 18, '2021-02-01 01:42:59', '2021-02-01 01:42:59'),
(20, 'qui', 'Est quibusdam et nesciunt. Qui quia et totam similique quod consequatur. Illum exercitationem pariatur repellendus ut aut consequatur corrupti.', 777, 1, 16, '2021-02-01 01:42:59', '2021-02-01 01:42:59'),
(21, 'minus', 'Autem et vel laborum quod autem recusandae. Sed incidunt maiores dolorem voluptas velit debitis magnam qui. Quae neque vel laborum magni et ut.', 162, 0, 26, '2021-02-01 01:42:59', '2021-02-01 01:42:59'),
(22, 'deserunt', 'Consectetur nihil ut sed et sit animi. Autem ut ut ullam. Consequatur qui ratione et dolor.', 153, 4, 20, '2021-02-01 01:42:59', '2021-02-01 01:42:59'),
(23, 'quis', 'Magni porro excepturi nostrum qui et dolor voluptatem. Magnam aut sed qui at maiores libero. Sit necessitatibus iure enim adipisci velit quia sed iure. Ducimus odit architecto exercitationem.', 864, 5, 15, '2021-02-01 01:42:59', '2021-02-01 01:42:59'),
(24, 'eum', 'Itaque ut qui in id velit omnis ipsam labore. Nam quia ducimus aut voluptatem eos sint accusantium eum. Sint ex et vero ut sit. Sint et voluptatem omnis sit architecto.', 488, 7, 13, '2021-02-01 01:42:59', '2021-02-01 01:42:59'),
(25, 'est', 'Et est ullam ipsam et. Dignissimos quae temporibus vel ad sunt aperiam. Dolor nihil dolor quibusdam omnis. Ratione dolore vel nobis ut iure blanditiis facilis est.', 211, 9, 24, '2021-02-01 01:42:59', '2021-02-01 01:42:59'),
(26, 'accusantium', 'Nam esse qui ipsum ex qui debitis sunt. Ab dignissimos consequatur corporis nihil quia vel praesentium. Est qui laboriosam omnis magnam ad. Tempore voluptates corporis quisquam impedit doloremque temporibus voluptatem fuga.', 430, 9, 3, '2021-02-01 01:42:59', '2021-02-01 01:42:59'),
(27, 'dolor', 'Aut est amet praesentium provident incidunt nisi et. Ab qui minima porro dolorum. Placeat dicta est consequatur exercitationem pariatur est enim. Explicabo repellendus molestiae assumenda velit nemo sunt consequatur.', 177, 2, 28, '2021-02-01 01:42:59', '2021-02-01 01:42:59'),
(28, 'qui', 'Ducimus ut assumenda recusandae rerum perferendis distinctio reprehenderit. Excepturi quam sequi ipsa dolorem voluptatem. Sequi quos aliquam dolorem placeat inventore. Ut id hic aperiam aut nisi ipsum non. Ducimus sint voluptate eligendi voluptatem.', 258, 5, 10, '2021-02-01 01:42:59', '2021-02-01 01:42:59'),
(29, 'eum', 'Quibusdam porro quas eos et enim vel voluptatum. Ut dolores qui et excepturi. Consectetur mollitia quibusdam ea et aut consequuntur autem.', 606, 2, 8, '2021-02-01 01:42:59', '2021-02-01 01:42:59'),
(30, 'pariatur', 'Ex dolorem earum aliquid dolores enim. Deleniti molestiae quam amet qui. Ut voluptas perferendis inventore ad est repudiandae. Voluptatem est commodi eos omnis impedit.', 685, 8, 8, '2021-02-01 01:42:59', '2021-02-01 01:42:59'),
(31, 'dolorum', 'In facilis praesentium dignissimos ut voluptatem. Porro quos veniam voluptas fugit. Error et nihil est qui tempore earum iure. Doloremque non asperiores odio velit rerum et.', 339, 9, 13, '2021-02-01 01:42:59', '2021-02-01 01:42:59'),
(32, 'doloremque', 'Ea vero corporis similique sed facere nostrum. Sunt veritatis sit magni eius voluptas in. Dolor enim fuga veritatis et aut ut. Corporis nulla voluptates rerum tempora.', 264, 1, 23, '2021-02-01 01:42:59', '2021-02-01 01:42:59'),
(33, 'eos', 'Et nihil voluptas ad fuga. Repellendus atque itaque et temporibus. Quam sit consectetur natus est. Similique assumenda ut blanditiis aut et molestiae.', 540, 6, 13, '2021-02-01 01:42:59', '2021-02-01 01:42:59'),
(34, 'minus', 'Ducimus et totam earum corporis porro alias omnis voluptate. Ut cupiditate voluptas fugit facere nobis ad ex. Velit aut deserunt nulla nulla et perferendis perferendis. Non aut et consequatur adipisci ea dolorum perferendis.', 345, 4, 8, '2021-02-01 01:42:59', '2021-02-01 01:42:59'),
(35, 'tempore', 'Aperiam aut assumenda nam ex explicabo. Ipsam est provident culpa non provident dicta. Deserunt nisi at labore dolores doloribus reprehenderit. Laboriosam aut officia at quas veritatis laudantium assumenda.', 916, 3, 14, '2021-02-01 01:42:59', '2021-02-01 01:42:59'),
(36, 'vero', 'Fugiat vel magni qui aperiam exercitationem rerum animi. Voluptates nihil minus repudiandae qui. Qui repellendus est fugiat cumque ex dolor magni. Ad a esse dicta quia earum expedita.', 479, 9, 7, '2021-02-01 01:42:59', '2021-02-01 01:42:59'),
(37, 'debitis', 'Voluptatem et rerum placeat voluptatum qui porro. Inventore corrupti ratione autem blanditiis quibusdam enim. Odit quis consequatur nisi optio. Consequatur praesentium qui nobis ipsam explicabo qui amet.', 762, 3, 12, '2021-02-01 01:42:59', '2021-02-01 01:42:59'),
(38, 'veritatis', 'Pariatur qui dolorem cupiditate totam voluptas consequatur dolorem. Quis porro blanditiis et rerum dolores velit. Explicabo exercitationem voluptatem et a. In doloremque eum vel.', 548, 4, 18, '2021-02-01 01:42:59', '2021-02-01 01:42:59'),
(39, 'reiciendis', 'Atque quis non optio quaerat dolore ratione. Sit cum ad unde itaque. Neque inventore quia pariatur et explicabo esse. Recusandae molestias dolor saepe distinctio et vel in.', 548, 5, 8, '2021-02-01 01:42:59', '2021-02-01 01:42:59'),
(40, 'rerum', 'Culpa repellendus atque est eveniet sequi. Adipisci delectus tempora sequi maiores iusto. Inventore delectus vel enim sit animi non error. Voluptatem doloribus dolores iste id quo ut. Repellendus quia numquam inventore.', 249, 1, 20, '2021-02-01 01:42:59', '2021-02-01 01:42:59'),
(41, 'maiores', 'Omnis odit ducimus enim tenetur asperiores accusantium sed. Excepturi tempore quos nulla temporibus quam doloribus corporis. Excepturi ea cumque debitis placeat.', 347, 8, 17, '2021-02-01 01:42:59', '2021-02-01 01:42:59'),
(42, 'molestias', 'Id velit ipsam quia atque. Ut doloremque in facere necessitatibus quasi ipsum in amet. Vel labore a illo non rerum dolores alias. Iste et blanditiis nam harum.', 478, 5, 25, '2021-02-01 01:42:59', '2021-02-01 01:42:59'),
(43, 'voluptatem', 'In voluptatem placeat distinctio incidunt nesciunt dicta aut. Qui asperiores quo eos consectetur laudantium. Harum sapiente molestiae qui aliquam. Aspernatur voluptatem nulla in recusandae nulla veniam architecto.', 530, 0, 14, '2021-02-01 01:42:59', '2021-02-01 01:42:59'),
(44, 'repellendus', 'Quis facilis voluptatem eaque voluptas consequuntur ad. Omnis voluptas illo et. Velit illum saepe ut. Quo vero quo molestias odit et iusto.', 193, 8, 17, '2021-02-01 01:42:59', '2021-02-01 01:42:59'),
(45, 'enim', 'Quas aut aut ut aut saepe rerum numquam. Eos voluptates recusandae vero corrupti. Ea necessitatibus possimus voluptatem est atque sint architecto rem.', 198, 7, 25, '2021-02-01 01:42:59', '2021-02-01 01:42:59'),
(46, 'ex', 'Expedita animi ut quidem possimus eum. Culpa quam facilis earum facilis id. In dicta possimus repudiandae et. Rerum facere aut molestias eum. Eaque aut eos inventore blanditiis ut corporis.', 752, 1, 20, '2021-02-01 01:42:59', '2021-02-01 01:42:59'),
(47, 'ducimus', 'Sapiente eos rerum quas sed molestiae quisquam. Dolor culpa et delectus omnis sit consectetur amet. Fugit minima magnam dignissimos voluptatem voluptas. Omnis est reprehenderit ut qui dolorum sed sequi.', 996, 2, 4, '2021-02-01 01:42:59', '2021-02-01 01:42:59'),
(48, 'porro', 'Modi inventore eveniet delectus. Et eos nulla temporibus sed veritatis autem est. Ullam vero libero nihil cupiditate sed vel. Est omnis placeat tempora qui ut.', 697, 5, 9, '2021-02-01 01:42:59', '2021-02-01 01:42:59'),
(49, 'consequatur', 'Architecto saepe temporibus pariatur sint aut nemo earum. Illo aperiam non veniam quo repellat non ipsum. Earum perferendis quae et. Beatae similique blanditiis iure dolorem blanditiis. Et aspernatur deleniti voluptate fuga illum.', 628, 9, 5, '2021-02-01 01:42:59', '2021-02-01 01:42:59'),
(50, 'est', 'Quia veritatis omnis aut sint. Modi praesentium eius nihil officiis. Quae facilis placeat totam minus qui aut. Eligendi ullam consequuntur laudantium dolore possimus optio.', 540, 7, 18, '2021-02-01 01:42:59', '2021-02-01 01:42:59'),
(51, 'veritatis', 'Est aliquid delectus totam eligendi voluptatum. Non voluptates in nihil hic. Saepe debitis dolore deserunt sed delectus.', 471, 5, 26, '2021-02-01 01:43:27', '2021-02-01 01:43:27'),
(52, 'veritatis', 'Corporis beatae perspiciatis facilis ea animi aut vero. Porro repellat animi ratione dicta expedita possimus. Odit qui sapiente itaque ea itaque vitae laudantium velit. Esse veritatis omnis rem ducimus.', 633, 9, 21, '2021-02-01 01:43:27', '2021-02-01 01:43:27'),
(53, 'optio', 'Cupiditate nam dolor qui laudantium autem qui. Quia occaecati corporis in quaerat aut nesciunt ut. Ut iure aut beatae ea. Et cupiditate eaque omnis sit asperiores rem.', 959, 4, 11, '2021-02-01 01:43:27', '2021-02-01 01:43:27'),
(54, 'a', 'Eos corporis perspiciatis sed enim dolores. Ratione vel ipsum aspernatur pariatur qui. Nobis amet dolor perspiciatis aliquam corporis quisquam omnis. Eos suscipit eos ad necessitatibus.', 709, 5, 30, '2021-02-01 01:43:27', '2021-02-01 01:43:27'),
(55, 'recusandae', 'Neque ea nobis facilis excepturi. Dolores nesciunt deleniti repellat adipisci pariatur aut nemo non. Tempora nulla ab qui doloremque enim. Necessitatibus quas odio in alias et harum eos.', 941, 9, 11, '2021-02-01 01:43:27', '2021-02-01 01:43:27'),
(56, 'aspernatur', 'Ut impedit similique molestiae et. Nostrum est fugiat aperiam quos nobis nihil. Quibusdam laborum a suscipit nemo officia.', 138, 5, 29, '2021-02-01 01:43:27', '2021-02-01 01:43:27'),
(57, 'dolore', 'Iusto nisi corporis earum et consectetur architecto. Repellat inventore in culpa illo. Aut aut sit ratione sit voluptate saepe.', 102, 5, 14, '2021-02-01 01:43:27', '2021-02-01 01:43:27'),
(58, 'architecto', 'Dolor rem quam corrupti. Animi qui consequatur consequatur debitis impedit quasi quaerat. Et enim nisi quod atque rerum delectus laboriosam. Minus itaque sunt sapiente aspernatur voluptas.', 192, 4, 5, '2021-02-01 01:43:27', '2021-02-01 01:43:27'),
(59, 'aut', 'Aut quo est rerum possimus sunt soluta numquam tempora. Repudiandae a quo ipsam dolores. Aut et vero qui ullam.', 262, 9, 18, '2021-02-01 01:43:27', '2021-02-01 01:43:27'),
(60, 'occaecati', 'Suscipit ratione ipsum porro ut iure ad iste. Modi quia velit aspernatur repellat ut. Ad qui et minima earum qui eos nesciunt architecto. Aut cumque mollitia ut eius.', 183, 0, 6, '2021-02-01 01:43:27', '2021-02-01 01:43:27'),
(61, 'est', 'Velit facilis necessitatibus et et minima delectus magnam. Voluptatem alias eum quia possimus libero repellendus architecto.', 930, 4, 8, '2021-02-01 01:43:27', '2021-02-01 01:43:27'),
(62, 'officia', 'Consequatur dolorum voluptatum sed. Totam placeat quia dolores nulla. Et ipsum voluptate optio eveniet quibusdam.', 355, 3, 7, '2021-02-01 01:43:27', '2021-02-01 01:43:27'),
(63, 'ipsa', 'Illo atque non facere quia aut. Quam sit delectus dolorem natus in ut. Sed possimus dolorum aut mollitia optio qui. Vel consectetur aperiam voluptatum amet adipisci consectetur.', 359, 5, 9, '2021-02-01 01:43:27', '2021-02-01 01:43:27'),
(64, 'rerum', 'Earum optio dolorem facere omnis hic mollitia nam. Qui dolor quia sit nesciunt. Quae illum dolor numquam quaerat magni repellat.', 780, 3, 18, '2021-02-01 01:43:27', '2021-02-01 01:43:27'),
(65, 'corporis', 'Mollitia illo dolores quo quaerat sed velit. Adipisci cupiditate ut soluta aperiam quia vitae. Aut explicabo corrupti dolores facere explicabo sequi cupiditate. A odit non ut voluptatibus repudiandae veniam.', 384, 1, 4, '2021-02-01 01:43:27', '2021-02-01 01:43:27'),
(66, 'aut', 'Unde distinctio incidunt tenetur quod ut autem. Explicabo eaque corporis repellendus temporibus aut dolorem. Dicta qui quod eos non sapiente nihil. Aut totam distinctio quaerat dolores iusto facilis.', 1000, 8, 13, '2021-02-01 01:43:27', '2021-02-01 01:43:27'),
(67, 'quia', 'Ab autem alias praesentium et harum est qui. Vitae et earum consequatur et. Ut vitae dolorem consequatur sint est minima. Ad molestiae explicabo possimus error quisquam itaque.', 287, 9, 16, '2021-02-01 01:43:27', '2021-02-01 01:43:27'),
(68, 'quasi', 'Pariatur officia architecto est amet et. Nihil est est cumque et et qui. Ea natus iure placeat alias velit reiciendis ut. Iste numquam quam blanditiis est et illum impedit ut.', 651, 4, 13, '2021-02-01 01:43:27', '2021-02-01 01:43:27'),
(69, 'quod', 'Odit adipisci provident qui odio quod eveniet. Eos occaecati quae cum. Rerum est ut laudantium et eum.', 122, 9, 18, '2021-02-01 01:43:27', '2021-02-01 01:43:27'),
(70, 'cum', 'Placeat ipsa optio atque maiores odio eaque. Voluptatem quis sit dolorum recusandae aut sed error. Quia similique rerum consequuntur voluptas accusantium. Dolore quia iure ex doloremque voluptatem.', 605, 6, 13, '2021-02-01 01:43:27', '2021-02-01 01:43:27'),
(71, 'officia', 'Occaecati enim quod molestiae non a molestiae sit. Illum dolor voluptatibus ratione cum odio.', 188, 2, 12, '2021-02-01 01:43:27', '2021-02-01 01:43:27'),
(72, 'mollitia', 'Molestias consequatur est quibusdam hic veritatis. Quia aliquid cumque assumenda occaecati. Quis sunt porro eum non voluptatem blanditiis. Assumenda nostrum sunt atque assumenda quia non aut.', 268, 4, 21, '2021-02-01 01:43:27', '2021-02-01 01:43:27'),
(73, 'esse', 'Consequuntur fuga repudiandae praesentium optio qui quas. Non sunt veniam consequuntur asperiores. Natus dignissimos accusantium dolorem dolorum voluptatem dolor.', 122, 8, 29, '2021-02-01 01:43:27', '2021-02-01 01:43:27'),
(74, 'inventore', 'A qui architecto non corrupti. In eveniet eos consectetur deserunt ipsum et.', 888, 8, 18, '2021-02-01 01:43:27', '2021-02-01 01:43:27'),
(75, 'ut', 'Omnis molestias sit nemo quisquam. Voluptatem et aut laboriosam quidem et ratione molestiae natus. Repellat cupiditate illo deserunt. Alias repellat expedita voluptatum.', 285, 4, 22, '2021-02-01 01:43:27', '2021-02-01 01:43:27'),
(76, 'et', 'Dolor ea qui et rerum ipsum officiis non. Sit maiores alias provident consequatur ut minus expedita. Ut ullam natus iusto non eveniet.', 312, 3, 9, '2021-02-01 01:43:27', '2021-02-01 01:43:27'),
(77, 'fugiat', 'Quia magnam minus facilis autem possimus dolorem illum. Qui aliquid et dolore veritatis ratione. Blanditiis iure eaque ut.', 767, 0, 13, '2021-02-01 01:43:27', '2021-02-01 01:43:27'),
(78, 'porro', 'Dolor qui et nobis magni quam ullam. Repudiandae numquam est nihil illo quo. Nemo illum assumenda expedita nobis.', 693, 0, 6, '2021-02-01 01:43:27', '2021-02-01 01:43:27'),
(79, 'laudantium', 'Sed veniam molestiae accusamus quam accusamus repellendus magnam. Blanditiis culpa in vel ratione quasi. Error blanditiis delectus rerum velit. Ut adipisci in pariatur rerum dolorem ex voluptas.', 220, 3, 22, '2021-02-01 01:43:27', '2021-02-01 01:43:27'),
(80, 'amet', 'Perferendis consequuntur nemo nesciunt eveniet et non. Fuga autem ducimus voluptatem libero saepe ratione ipsa. Consequatur ab tempora quam et.', 536, 2, 20, '2021-02-01 01:43:27', '2021-02-01 01:43:27'),
(81, 'sint', 'Fugiat omnis voluptatem corporis impedit illo voluptatem. Aliquid delectus dolores quidem velit. Vel aut omnis excepturi. Alias et corrupti exercitationem molestiae iste molestiae.', 647, 4, 9, '2021-02-01 01:43:27', '2021-02-01 01:43:27'),
(82, 'commodi', 'Voluptatem est quis quasi tenetur quis laudantium. Adipisci dolores quas sint. Sit ducimus cumque aut animi voluptas et excepturi.', 242, 0, 3, '2021-02-01 01:43:27', '2021-02-01 01:43:27'),
(83, 'vel', 'Enim a soluta deserunt quibusdam vitae ut rerum consequuntur. Et eveniet et impedit facere. Harum est sint quas nostrum hic qui dolore. Mollitia ipsum suscipit molestiae consectetur ratione facere.', 478, 1, 21, '2021-02-01 01:43:27', '2021-02-01 01:43:27'),
(84, 'nemo', 'Quidem aut saepe nulla voluptas dolorem fugit. Itaque voluptatem occaecati eos rerum atque commodi sapiente velit. Porro voluptatem qui et vel. Ut consequatur vel laudantium dignissimos architecto.', 935, 6, 14, '2021-02-01 01:43:27', '2021-02-01 01:43:27'),
(85, 'saepe', 'Quos quidem enim quia. Nobis illum quia voluptatem soluta ad mollitia. Quasi soluta facere dignissimos quia minus expedita. Qui et omnis saepe consequatur quia laborum.', 541, 8, 2, '2021-02-01 01:43:27', '2021-02-01 01:43:27'),
(86, 'nobis', 'Vero aperiam quasi suscipit fugiat voluptatem illo. Ad nostrum minus dolores non et. Voluptatem expedita rerum officia recusandae harum ut. Cum debitis iure esse rerum cumque iusto vitae.', 208, 7, 15, '2021-02-01 01:43:27', '2021-02-01 01:43:27'),
(87, 'ad', 'Culpa rem recusandae nostrum corporis corporis aut sed minima. Neque pariatur quibusdam officia ipsam est sint. Voluptatem enim esse aut.', 976, 3, 9, '2021-02-01 01:43:27', '2021-02-01 01:43:27'),
(88, 'ad', 'Cupiditate qui aut dicta unde. Consequatur veniam ipsum architecto amet quia deleniti totam. Fugiat et non est hic.', 545, 8, 13, '2021-02-01 01:43:27', '2021-02-01 01:43:27'),
(89, 'et', 'Earum aliquam illo praesentium. Et et cum veritatis velit voluptatem. At repudiandae voluptatibus assumenda sunt.', 706, 0, 24, '2021-02-01 01:43:27', '2021-02-01 01:43:27'),
(90, 'itaque', 'Iusto sunt maxime et velit dolorum. Et quam omnis qui. Expedita harum laboriosam tempore sit quas. Expedita dolore sequi dolores nam atque voluptatum.', 381, 0, 3, '2021-02-01 01:43:27', '2021-02-01 01:43:27'),
(91, 'aliquid', 'Ab molestias quia possimus velit fugiat quaerat reprehenderit. Est sed ut necessitatibus consequuntur culpa.', 147, 8, 26, '2021-02-01 01:43:27', '2021-02-01 01:43:27'),
(92, 'dolorem', 'Quod similique blanditiis modi. Sit labore voluptatem nesciunt ut sed quam. Sint molestiae omnis ipsum quibusdam explicabo nisi est. Voluptas tempore esse dignissimos quidem consequatur voluptas.', 680, 7, 7, '2021-02-01 01:43:27', '2021-02-01 01:43:27'),
(93, 'quia', 'Non enim beatae sed ut ab omnis repellat. Officiis recusandae illo sunt exercitationem voluptates est nostrum voluptatem. Quibusdam labore deserunt repellat temporibus explicabo facere autem.', 265, 5, 23, '2021-02-01 01:43:27', '2021-02-01 01:43:27'),
(94, 'similique', 'Mollitia est molestiae quibusdam illum. Facilis voluptatem non distinctio omnis nesciunt. Corrupti rerum et consectetur cum. Vel dolore ab incidunt ea facere corporis.', 207, 5, 9, '2021-02-01 01:43:27', '2021-02-01 01:43:27'),
(95, 'reiciendis', 'Sapiente eum aut distinctio. Eaque voluptatibus et ut sint.', 422, 7, 16, '2021-02-01 01:43:27', '2021-02-01 01:43:27'),
(96, 'nostrum', 'Velit nostrum laboriosam odio pariatur deleniti. Non reprehenderit error doloribus dolor rerum aut.', 121, 9, 21, '2021-02-01 01:43:27', '2021-02-01 01:43:27'),
(97, 'voluptas', 'Sit veritatis sed nihil corrupti. Provident labore pariatur eum omnis nesciunt. Quibusdam exercitationem occaecati dolore omnis.', 441, 7, 29, '2021-02-01 01:43:27', '2021-02-01 01:43:27'),
(98, 'voluptatum', 'Nam deleniti id libero. Molestias doloremque voluptatibus earum voluptatem est. Labore eius quisquam et vero.', 536, 1, 18, '2021-02-01 01:43:27', '2021-02-01 01:43:27'),
(99, 'ut', 'Dolorum rerum qui inventore neque. Doloremque aliquam reiciendis sunt dignissimos eius corporis. Dignissimos illo qui consequatur quae non ratione qui.', 264, 9, 8, '2021-02-01 01:43:27', '2021-02-01 01:43:27'),
(100, 'veritatis', 'Neque ut blanditiis sint dolores aut. A vel reprehenderit accusantium cum. Quia suscipit fugit odio architecto iste.', 889, 5, 28, '2021-02-01 01:43:27', '2021-02-01 01:43:27');

-- --------------------------------------------------------

--
-- Table structure for table `reviews`
--

CREATE TABLE `reviews` (
  `id` bigint(20) UNSIGNED NOT NULL,
  `product_id` bigint(20) UNSIGNED NOT NULL,
  `customer` varchar(255) COLLATE utf8mb4_unicode_ci NOT NULL,
  `review` text COLLATE utf8mb4_unicode_ci NOT NULL,
  `star` int(11) NOT NULL,
  `created_at` timestamp NULL DEFAULT NULL,
  `updated_at` timestamp NULL DEFAULT NULL
) ENGINE=InnoDB DEFAULT CHARSET=utf8mb4 COLLATE=utf8mb4_unicode_ci;

--
-- Dumping data for table `reviews`
--

INSERT INTO `reviews` (`id`, `product_id`, `customer`, `review`, `star`, `created_at`, `updated_at`) VALUES
(1, 8, 'Mrs. Chelsie Wyman II', 'Consequatur ea earum et dolorum dolor magni vitae in. Aut quos dolor qui optio. Voluptas voluptas iure voluptas fugit ab.', 1, '2021-02-01 01:43:27', '2021-02-01 01:43:27'),
(2, 48, 'Victoria Walsh IV', 'Ut ut optio veritatis libero. Modi sequi provident adipisci beatae magni voluptates ipsa. Ex a alias labore vitae corporis consequatur cumque.', 1, '2021-02-01 01:43:27', '2021-02-01 01:43:27'),
(3, 36, 'Prof. Wilford Conn', 'Est quod quam quidem ut. Alias voluptatem ipsa necessitatibus amet consequatur facilis. Sit quia reiciendis alias hic voluptate ut. Perspiciatis rem enim dolorum dolor. Pariatur ut nihil unde nam rerum dicta consequatur.', 2, '2021-02-01 01:43:27', '2021-02-01 01:43:27'),
(4, 67, 'Eliane Flatley', 'Earum veniam eveniet porro ut sequi adipisci rem. Id quasi minima qui quidem. Facilis vero rerum error amet repudiandae omnis id. Eveniet aspernatur recusandae odio aliquid accusantium qui.', 5, '2021-02-01 01:43:27', '2021-02-01 01:43:27'),
(5, 48, 'Prof. Monroe Glover', 'Quisquam dignissimos et soluta incidunt esse. Maxime quia nesciunt rerum ducimus qui minus molestiae. Aut dolorum vel incidunt.', 5, '2021-02-01 01:43:27', '2021-02-01 01:43:27'),
(6, 55, 'Anita Wyman', 'Cum est enim explicabo culpa voluptas. Adipisci consequuntur non officiis voluptas est ut. Blanditiis quam omnis ullam.', 4, '2021-02-01 01:43:27', '2021-02-01 01:43:27'),
(7, 25, 'Easter Cormier', 'Voluptatem necessitatibus ut autem eum iusto. Consectetur fuga dicta nam ad expedita. Aut alias doloribus molestiae id consequatur non. Tempore nesciunt debitis distinctio ut sint velit non eum.', 5, '2021-02-01 01:43:27', '2021-02-01 01:43:27'),
(8, 97, 'Dr. Elody Hamill', 'Adipisci voluptatibus magnam ut quas. Enim eos minima voluptatem aspernatur.', 3, '2021-02-01 01:43:27', '2021-02-01 01:43:27'),
(9, 44, 'Vickie Emard', 'Mollitia ullam similique et error praesentium nemo neque. Placeat voluptatem reprehenderit est magnam quam inventore. Qui ratione eos tempore in animi laboriosam.', 5, '2021-02-01 01:43:27', '2021-02-01 01:43:27'),
(10, 17, 'Philip Ebert', 'Non et numquam iste. Ducimus voluptatem repellendus a quas ratione neque. Neque voluptates impedit rerum sint eveniet dolor.', 1, '2021-02-01 01:43:27', '2021-02-01 01:43:27'),
(11, 30, 'Josefa Christiansen', 'Distinctio architecto quia perspiciatis commodi. Doloremque beatae et et. Id sint et sunt autem et. Ab soluta nulla eveniet eos ducimus doloremque.', 3, '2021-02-01 01:43:27', '2021-02-01 01:43:27'),
(12, 78, 'Keira Pouros DDS', 'Dolorem omnis itaque omnis iste voluptatibus qui. Modi ipsum consequatur libero nisi vitae. Ut autem cum officia quidem cupiditate quo. Eos quia et aut sed quia.', 2, '2021-02-01 01:43:27', '2021-02-01 01:43:27'),
(13, 76, 'Stephania Wisozk', 'Ipsum aut nam pariatur deleniti aspernatur tempora eum autem. Et accusamus accusamus nulla amet id. In harum officiis veniam perferendis ea quis.', 1, '2021-02-01 01:43:27', '2021-02-01 01:43:27'),
(14, 33, 'Domenico Hickle Jr.', 'Vel assumenda molestias autem facere. Aut quia ipsam delectus hic. Distinctio sit facilis nostrum aliquid non. Quia aliquam neque inventore tempora eos et aut. Saepe nulla deleniti qui vel animi.', 3, '2021-02-01 01:43:27', '2021-02-01 01:43:27'),
(15, 33, 'Mrs. Melody Ryan PhD', 'Sit eos est quas in explicabo et accusamus. Debitis sequi dolor laborum pariatur voluptatibus. Tenetur rerum est minima quae. Illo cum ipsum est quidem voluptas debitis. Quia tenetur quia a amet.', 3, '2021-02-01 01:43:27', '2021-02-01 01:43:27'),
(16, 53, 'Diana Cummerata Sr.', 'Quis impedit itaque ut nesciunt. Quidem ex ut quos. Dicta voluptatem ullam qui a dicta et. Atque possimus quae quae dolor. Commodi et sint est soluta accusantium quas.', 3, '2021-02-01 01:43:27', '2021-02-01 01:43:27'),
(17, 73, 'Prof. Zackary Kuvalis', 'Amet velit aut ducimus error dicta. Alias saepe et nihil amet et unde rerum. Laudantium tenetur et fugiat excepturi ut qui est. Excepturi fugiat unde voluptas assumenda nostrum ea rerum eaque. Qui quam quis quia voluptates aut quod distinctio.', 5, '2021-02-01 01:43:27', '2021-02-01 01:43:27'),
(18, 95, 'Norwood Strosin', 'Aut quia voluptatibus expedita itaque sunt porro distinctio. Quibusdam exercitationem explicabo sit voluptates et explicabo. Atque non sequi omnis saepe. Nihil occaecati ducimus et eum quis beatae.', 4, '2021-02-01 01:43:27', '2021-02-01 01:43:27'),
(19, 87, 'Valentina Hessel V', 'Mollitia aut quis quia laborum quo ut. Sed neque illo dolores blanditiis tempora deleniti nulla consequuntur.', 1, '2021-02-01 01:43:27', '2021-02-01 01:43:27'),
(20, 87, 'Earl O\'Keefe II', 'Facilis unde quo error. Consequatur rem non impedit fugit a sed voluptas. Aliquid molestiae enim voluptatibus veniam. Eos nostrum illo officiis placeat aliquam.', 0, '2021-02-01 01:43:27', '2021-02-01 01:43:27'),
(21, 91, 'Obie Keebler', 'Eos et illo fuga necessitatibus ut quia. Sunt id aut neque suscipit atque tempore enim facilis. Quasi fugiat veniam illo eos fugiat sit et. Recusandae ullam inventore alias consequatur ea.', 0, '2021-02-01 01:43:27', '2021-02-01 01:43:27'),
(22, 2, 'Dr. Leola Bahringer', 'Cumque non non qui quo ut eum optio. Est quam qui quas aut.', 1, '2021-02-01 01:43:27', '2021-02-01 01:43:27'),
(23, 55, 'Christian Welch III', 'Minima nisi itaque repellat odit sunt maxime. Omnis aut quidem culpa architecto deserunt. Et et veniam beatae iure non iure. Non ut perspiciatis corporis voluptas fugiat est.', 0, '2021-02-01 01:43:27', '2021-02-01 01:43:27'),
(24, 64, 'Coleman Kirlin', 'Voluptatem id et quibusdam ea optio laboriosam. Velit voluptatem itaque nihil laudantium sint deleniti.', 4, '2021-02-01 01:43:27', '2021-02-01 01:43:27'),
(25, 13, 'Cruz Nienow', 'Sed aut mollitia eaque quasi sint aut accusamus. Quisquam odio facilis ex ut odit. Occaecati porro totam sit voluptatem eum est rem. Porro dolor neque facilis dolores tempora aut.', 0, '2021-02-01 01:43:27', '2021-02-01 01:43:27'),
(26, 33, 'Naomie Mitchell PhD', 'Provident quia dolorem esse explicabo. Et et quos nihil sint eveniet. Voluptas optio sequi ut voluptatem ut excepturi.', 1, '2021-02-01 01:43:27', '2021-02-01 01:43:27'),
(27, 9, 'Mrs. Nya Barton', 'Ex reiciendis illo fugit maiores velit. Pariatur et est ratione provident amet sit. Expedita non id repellendus autem in. Labore alias veritatis quo magnam est id sunt.', 2, '2021-02-01 01:43:27', '2021-02-01 01:43:27'),
(28, 5, 'Eldon Hand', 'Inventore eos autem enim harum tenetur. Quam aut vel quod deserunt. Pariatur quasi cumque dolores labore qui. Voluptas saepe asperiores velit placeat qui maiores.', 3, '2021-02-01 01:43:27', '2021-02-01 01:43:27'),
(29, 66, 'Rafaela Crooks', 'Aut officia velit voluptatem laudantium sint. Veritatis aliquam quasi sunt. Praesentium et est quo exercitationem at dicta eaque.', 5, '2021-02-01 01:43:27', '2021-02-01 01:43:27'),
(30, 45, 'Dr. Hannah Franecki Jr.', 'Aut officiis assumenda voluptatibus. Voluptatum facilis suscipit ut. Optio et officiis enim debitis culpa veritatis.', 4, '2021-02-01 01:43:27', '2021-02-01 01:43:27'),
(31, 9, 'Dr. Corbin Weissnat', 'Enim eum aut et aut nulla et. Et id rerum delectus omnis omnis omnis ullam. Dolore porro vel qui. Atque dolores repellendus consequatur aut molestiae itaque.', 5, '2021-02-01 01:43:27', '2021-02-01 01:43:27'),
(32, 64, 'Miss Abigale Willms', 'Omnis consequuntur corporis voluptatem et saepe sed alias sint. Incidunt iste error pariatur occaecati pariatur. Et molestiae numquam enim adipisci. Et alias suscipit commodi itaque qui quisquam facere.', 5, '2021-02-01 01:43:27', '2021-02-01 01:43:27'),
(33, 60, 'Xander Nader', 'Nihil repellat cupiditate mollitia aut dolore molestiae vero. Omnis ab quas omnis culpa aspernatur esse et.', 2, '2021-02-01 01:43:27', '2021-02-01 01:43:27'),
(34, 6, 'Alessia Feeney', 'Voluptatem est assumenda non consectetur et maiores libero. Consequatur ex facere dolorum ut molestiae et et et. Qui non facere dolore distinctio labore voluptatem voluptatem. Incidunt a omnis ut voluptatem provident ut et est.', 2, '2021-02-01 01:43:27', '2021-02-01 01:43:27'),
(35, 47, 'Joanne Prohaska', 'Iure hic temporibus autem eos nihil consectetur a. Quis vel nulla ut et nemo. Possimus eius in sint corrupti.', 0, '2021-02-01 01:43:27', '2021-02-01 01:43:27'),
(36, 86, 'Carley Toy', 'Consequatur dicta sunt et. Sit rerum expedita aliquid. Porro totam quia qui sint.', 4, '2021-02-01 01:43:27', '2021-02-01 01:43:27'),
(37, 14, 'Mariah Jacobs III', 'Neque unde iste modi tenetur. Necessitatibus quos commodi molestias ut saepe iste iste.', 1, '2021-02-01 01:43:27', '2021-02-01 01:43:27'),
(38, 21, 'Sigrid Veum', 'Accusantium porro et quia nemo perspiciatis cum quo est. Porro sed fuga quis rerum incidunt ducimus minus. Perspiciatis cum nisi est dolorem possimus veniam fugiat. Id odit repellendus similique dolores eius officia sed.', 3, '2021-02-01 01:43:27', '2021-02-01 01:43:27'),
(39, 99, 'Zita Ruecker', 'Ut commodi temporibus qui optio dolore ea. Quas tempore aspernatur aliquid. Necessitatibus ullam odit eaque fugit et. Voluptate esse accusantium et.', 0, '2021-02-01 01:43:27', '2021-02-01 01:43:27'),
(40, 99, 'Dr. Taryn Emard Jr.', 'Doloremque incidunt exercitationem quos excepturi dolores laboriosam. Blanditiis culpa dolor quod veritatis rerum ipsum hic.', 2, '2021-02-01 01:43:27', '2021-02-01 01:43:27'),
(41, 9, 'Horace Johnson', 'Natus aperiam est ipsum cum magnam. Delectus dicta perspiciatis sunt pariatur. Exercitationem maiores autem quia totam.', 5, '2021-02-01 01:43:27', '2021-02-01 01:43:27'),
(42, 12, 'Ahmad Leuschke Jr.', 'Fuga quasi quia excepturi omnis qui reiciendis ad. Ea qui eos in sequi. Veniam debitis quia tempora placeat animi nam consequuntur. Praesentium explicabo dolores dicta enim ratione perferendis deleniti aliquam.', 0, '2021-02-01 01:43:27', '2021-02-01 01:43:27'),
(43, 27, 'Muhammad Stokes', 'Non aperiam aperiam veniam eveniet ut atque. Omnis incidunt facere illum odit quo. Fuga voluptatem mollitia quis aliquam architecto quas id.', 2, '2021-02-01 01:43:27', '2021-02-01 01:43:27'),
(44, 63, 'Hannah Murazik', 'Corrupti consequuntur aliquam at rerum accusamus voluptatum a. Ratione voluptate consequatur cum quisquam. Libero sapiente repellendus earum.', 5, '2021-02-01 01:43:27', '2021-02-01 01:43:27'),
(45, 59, 'Ms. Rosemary Padberg', 'Dolores odio aut rerum qui et ipsa quidem. Temporibus ullam et iste vel. Iure suscipit delectus illo repellat.', 0, '2021-02-01 01:43:27', '2021-02-01 01:43:27'),
(46, 71, 'Hailee Schumm', 'Quo dolores ut accusamus. Aut minus aut ipsam similique quia aut aperiam. Sunt voluptatem consequatur ducimus repellat quidem itaque.', 4, '2021-02-01 01:43:27', '2021-02-01 01:43:27'),
(47, 54, 'Lucienne Gutmann', 'Dolorum sint rerum temporibus reiciendis earum nostrum. Nobis tempore aut voluptatem et ab totam.', 5, '2021-02-01 01:43:27', '2021-02-01 01:43:27'),
(48, 1, 'Annabell Swaniawski', 'Nesciunt neque non tempora dolores corrupti qui. Consequatur ut voluptatem ex modi. Pariatur quidem commodi aspernatur quo rerum.', 4, '2021-02-01 01:43:27', '2021-02-01 01:43:27'),
(49, 91, 'Ms. Vallie Auer III', 'Sit labore et ullam sit ut velit. Inventore maiores perferendis in commodi. Quibusdam nihil vitae voluptatem quidem at. Porro nobis esse fugiat aperiam. Ipsam ipsam ut minus ut dolores qui ut.', 3, '2021-02-01 01:43:27', '2021-02-01 01:43:27'),
(50, 57, 'Mr. Lane Sauer Jr.', 'Voluptates et in quia possimus. Dolor possimus consectetur ut exercitationem debitis atque tenetur voluptas. Illo at ad totam est id deleniti quibusdam. Explicabo ratione enim libero rerum consequuntur. Possimus saepe culpa velit quod.', 0, '2021-02-01 01:43:27', '2021-02-01 01:43:27'),
(51, 63, 'Mr. Cornell Rowe I', 'Odio temporibus aut quia voluptatem. Dolorem in accusamus mollitia. Ducimus consequatur voluptatem occaecati voluptas voluptatem ad velit. Ut vero dolorem necessitatibus ipsam ea maxime sint. Et repellat animi necessitatibus.', 5, '2021-02-01 01:43:27', '2021-02-01 01:43:27'),
(52, 53, 'Corine Hilpert', 'Incidunt libero id odit ad labore consequuntur. Dolorem laboriosam vero voluptatem numquam. Assumenda qui provident enim mollitia. Molestias a facilis at.', 4, '2021-02-01 01:43:27', '2021-02-01 01:43:27'),
(53, 72, 'Chanelle Hansen', 'Commodi accusantium non voluptatibus rerum et occaecati quibusdam. Et aliquid est aut quidem et fugiat et. Aliquid aut deleniti vero temporibus.', 5, '2021-02-01 01:43:27', '2021-02-01 01:43:27'),
(54, 3, 'Tad Bednar V', 'Et eum deleniti ad minima illum eos. Non ut saepe dolore perspiciatis unde. Et ex ullam deserunt dolorum nihil non sint. Aliquam sapiente atque molestias sequi.', 0, '2021-02-01 01:43:27', '2021-02-01 01:43:27'),
(55, 44, 'Jamarcus Kessler', 'Cupiditate occaecati soluta iusto quae vero similique. Ut at distinctio et et molestiae ut aliquid possimus. Autem fuga qui doloremque odit aut rerum atque. Quia molestias dolorum illo quam voluptas fugiat.', 1, '2021-02-01 01:43:27', '2021-02-01 01:43:27'),
(56, 75, 'Sven O\'Kon', 'Et sunt asperiores voluptatibus pariatur. Sed qui aperiam adipisci est aut voluptas et. Temporibus in hic voluptas omnis.', 3, '2021-02-01 01:43:27', '2021-02-01 01:43:27'),
(57, 25, 'Eleonore Shanahan IV', 'Cum natus dolorem facere animi. Quo praesentium voluptatem doloribus ut debitis enim eius. Sed praesentium ut ut corrupti accusantium sit.', 2, '2021-02-01 01:43:27', '2021-02-01 01:43:27'),
(58, 5, 'Alta Stanton', 'Ut aspernatur aspernatur eveniet omnis rem quis id. Adipisci in dolor et.', 5, '2021-02-01 01:43:27', '2021-02-01 01:43:27'),
(59, 29, 'Mauricio VonRueden', 'Facilis sed quas quae incidunt qui totam. Architecto corrupti necessitatibus est id quo consequuntur.', 3, '2021-02-01 01:43:27', '2021-02-01 01:43:27'),
(60, 6, 'Forrest Halvorson III', 'Autem maiores totam enim aut vero est. Doloremque accusamus culpa iusto id nisi voluptatum. Ea molestiae et rem illum. Temporibus molestiae doloremque debitis. Debitis recusandae optio quia aut ut in.', 4, '2021-02-01 01:43:27', '2021-02-01 01:43:27'),
(61, 23, 'Kylee Larkin II', 'Sequi aspernatur et temporibus earum ex et et. Expedita tempora non sit maiores numquam. Et ipsa aut tenetur delectus id.', 5, '2021-02-01 01:43:27', '2021-02-01 01:43:27'),
(62, 14, 'Dr. Matt Wisozk', 'Quisquam distinctio est voluptas repellendus. Aspernatur placeat sed rerum mollitia et iste eligendi. Non quod nihil architecto dolor. At iusto qui rerum in.', 3, '2021-02-01 01:43:27', '2021-02-01 01:43:27'),
(63, 47, 'Jamel Hirthe II', 'Cum eaque impedit reprehenderit porro nulla. Sequi ipsum veniam qui voluptatum aut iure. Fugiat voluptatibus provident nostrum. Vitae molestias quasi et voluptatem a id.', 0, '2021-02-01 01:43:27', '2021-02-01 01:43:27'),
(64, 21, 'Maxwell Donnelly III', 'Cumque vel architecto consequatur et. Alias iste velit consequuntur nihil cumque. Est quo modi placeat velit esse.', 5, '2021-02-01 01:43:27', '2021-02-01 01:43:27'),
(65, 23, 'Sean Doyle', 'Consequuntur dolore repellendus porro doloribus. Error quos voluptas et illum. Est ut qui excepturi eum.', 4, '2021-02-01 01:43:27', '2021-02-01 01:43:27'),
(66, 82, 'Norval Gleason', 'Voluptatem et quia quos autem aut rerum eos cum. Perferendis doloribus et qui esse voluptatem velit et assumenda.', 4, '2021-02-01 01:43:27', '2021-02-01 01:43:27'),
(67, 84, 'Avery Sipes', 'Repudiandae similique sit excepturi dignissimos ex voluptatem. Adipisci officiis repellendus ullam neque in. Facilis voluptas totam similique numquam laborum. Voluptas et ex harum velit enim et eveniet.', 3, '2021-02-01 01:43:27', '2021-02-01 01:43:27'),
(68, 96, 'Deion Paucek', 'Rerum doloribus omnis dolor assumenda sit ex. Eligendi voluptas quae consequatur sunt. Sit placeat voluptate libero repellat.', 0, '2021-02-01 01:43:27', '2021-02-01 01:43:27'),
(69, 84, 'Rex Upton II', 'Cumque nihil labore quo consectetur et libero laborum. Laboriosam et enim qui dolorem sit et. Earum numquam veniam ratione repellat eum.', 2, '2021-02-01 01:43:27', '2021-02-01 01:43:27'),
(70, 38, 'Miss Ebony Marquardt V', 'Recusandae repellat ipsa est ut qui. Quo nesciunt molestiae laudantium perferendis voluptatem dolores sunt accusantium. Aut non et velit laudantium perferendis temporibus tempora quo. Ut iste alias voluptatem odit sint.', 4, '2021-02-01 01:43:27', '2021-02-01 01:43:27'),
(71, 40, 'Miss Layla Franecki DDS', 'Laboriosam cum pariatur et sint omnis autem. Consectetur officiis voluptatem culpa qui sit vero et. Est qui amet nesciunt. Voluptatum dolorem quis et explicabo quis sequi sunt.', 4, '2021-02-01 01:43:27', '2021-02-01 01:43:27'),
(72, 35, 'Mellie Kunze', 'Vitae minus esse est et natus ea. Assumenda nam aut est soluta. Eum enim ratione labore laudantium sit consequatur et. Reiciendis officiis velit qui illo.', 1, '2021-02-01 01:43:27', '2021-02-01 01:43:27'),
(73, 20, 'Antoinette Altenwerth', 'Enim sed aliquid error tenetur asperiores. Expedita sint dolor non porro.', 2, '2021-02-01 01:43:27', '2021-02-01 01:43:27'),
(74, 94, 'Gennaro Shanahan', 'Repellat nobis aut reiciendis quis. Qui nemo autem enim. Culpa vero maiores velit voluptatibus. Beatae corrupti ea dolorem adipisci aliquam in dicta.', 2, '2021-02-01 01:43:27', '2021-02-01 01:43:27'),
(75, 44, 'Yadira McClure', 'Qui suscipit beatae nobis sunt expedita non. Consequatur qui ducimus aut incidunt expedita voluptas esse. Ipsam animi distinctio occaecati eligendi est est. Iure quidem voluptatem id possimus. Ullam rerum maxime est.', 4, '2021-02-01 01:43:27', '2021-02-01 01:43:27'),
(76, 83, 'Arne Little', 'Dolores omnis labore optio assumenda. Suscipit deserunt aut dolorem aperiam adipisci nesciunt. Molestiae beatae quasi esse quo iusto quam.', 2, '2021-02-01 01:43:27', '2021-02-01 01:43:27'),
(77, 50, 'Junior Gerlach III', 'Est blanditiis mollitia alias quis. Consequatur libero nihil velit in quae aut excepturi. Voluptatem laboriosam at minus sunt numquam consequatur inventore.', 5, '2021-02-01 01:43:27', '2021-02-01 01:43:27'),
(78, 31, 'Frankie Greenfelder', 'Ratione quo quos placeat. Adipisci harum consequatur doloribus. Nihil veritatis aliquam aut in aperiam.', 0, '2021-02-01 01:43:27', '2021-02-01 01:43:27'),
(79, 7, 'Hollis Kessler', 'Eaque in repellat praesentium est consequatur voluptatem voluptas. Illo molestiae quas omnis ut cupiditate ea. Est eum quia architecto sed modi earum. Id eius aliquid et.', 0, '2021-02-01 01:43:27', '2021-02-01 01:43:27'),
(80, 62, 'Dessie Kunze I', 'Est tenetur qui facilis odio. Non et dolor quibusdam iusto quam autem. Adipisci ut delectus officia soluta.', 2, '2021-02-01 01:43:27', '2021-02-01 01:43:27'),
(81, 77, 'Osbaldo Cummings Jr.', 'Unde et eum quo quidem tempora nihil. Hic ducimus est repellat repellat et optio est. Repellendus ut quaerat praesentium.', 4, '2021-02-01 01:43:27', '2021-02-01 01:43:27'),
(82, 99, 'Katelyn Gaylord DDS', 'Rerum tempora iure nihil esse suscipit nihil et. Sit error officia facere eos quia numquam.', 2, '2021-02-01 01:43:27', '2021-02-01 01:43:27'),
(83, 57, 'Thad Baumbach', 'Veritatis accusamus enim sed qui. Aut inventore a voluptas excepturi repudiandae. Aut vel dolorem quia asperiores magnam assumenda animi.', 4, '2021-02-01 01:43:27', '2021-02-01 01:43:27'),
(84, 9, 'Arely Gorczany', 'Natus voluptatum recusandae debitis ut aliquam. Omnis qui corporis totam. Atque saepe qui minus et.', 1, '2021-02-01 01:43:27', '2021-02-01 01:43:27'),
(85, 39, 'Arvilla Schultz', 'Enim nemo voluptatem sed error. Dolore et veniam distinctio optio voluptates nesciunt culpa. Eveniet sequi adipisci porro ut voluptatem nihil. Quasi earum ut aut officia molestias in aliquam.', 3, '2021-02-01 01:43:27', '2021-02-01 01:43:27'),
(86, 37, 'Dr. Mckenna Windler V', 'Quod porro quis deserunt laudantium fugit ut temporibus. Voluptate quia dolorem dolorem molestiae et. Nobis aut praesentium et vitae. Eius laudantium maiores voluptatem impedit eaque.', 5, '2021-02-01 01:43:27', '2021-02-01 01:43:27'),
(87, 85, 'Bartholome Koss', 'Voluptates eum voluptatum et quaerat tempore enim voluptates. Et omnis culpa eum optio nihil ratione error. Odit accusantium nisi quo.', 4, '2021-02-01 01:43:27', '2021-02-01 01:43:27'),
(88, 97, 'Faye Schaefer', 'Odit voluptas omnis in laboriosam dolor fugit. Impedit numquam dolorum quo dolor iusto. Harum odit molestias fugiat nisi eveniet.', 3, '2021-02-01 01:43:27', '2021-02-01 01:43:27'),
(89, 44, 'Bobby Thiel', 'Est rerum et accusantium ipsum dicta necessitatibus quam. Excepturi beatae aut vitae eos esse. Modi rem itaque nostrum sunt quasi.', 4, '2021-02-01 01:43:27', '2021-02-01 01:43:27'),
(90, 58, 'Obie Gutkowski', 'Qui nulla enim dolor nobis non modi. Pariatur dolorem omnis magnam unde voluptatum rerum. Animi ullam qui aut soluta molestiae.', 1, '2021-02-01 01:43:27', '2021-02-01 01:43:27'),
(91, 86, 'Dr. Zena Hill', 'Expedita ducimus culpa est. Odit ut facere cum unde natus corrupti libero dolore. Qui aut id maiores rerum quis possimus. Itaque excepturi fugit rem velit. Ullam unde temporibus ut optio.', 5, '2021-02-01 01:43:27', '2021-02-01 01:43:27'),
(92, 80, 'Nora Welch', 'Ut quis maiores in et voluptas voluptatibus. Aliquam nobis delectus facilis numquam adipisci rerum. Qui quasi quidem ut omnis esse necessitatibus soluta.', 5, '2021-02-01 01:43:27', '2021-02-01 01:43:27'),
(93, 81, 'Kiera Miller', 'Omnis accusamus quo rerum ut temporibus ullam. Dolorem quia et vel fugit.', 0, '2021-02-01 01:43:27', '2021-02-01 01:43:27'),
(94, 34, 'Ms. Joanne Rosenbaum IV', 'Aut qui maiores maiores. Sint necessitatibus facere qui adipisci eum. Consequatur laudantium ad dolor sint.', 5, '2021-02-01 01:43:27', '2021-02-01 01:43:27'),
(95, 22, 'Helmer Gusikowski', 'Modi impedit voluptates fugit accusamus dolores. Dolorem molestiae in doloribus maxime nam. Tenetur consequuntur consequatur expedita alias totam.', 5, '2021-02-01 01:43:27', '2021-02-01 01:43:27'),
(96, 18, 'June Fahey', 'Quo optio dolorem nisi sint. Maiores eos delectus veniam qui.', 2, '2021-02-01 01:43:27', '2021-02-01 01:43:27'),
(97, 20, 'Mr. Cecil Deckow', 'Sunt nisi sed ullam aperiam provident necessitatibus. Perferendis aut eveniet et ut dolore rerum cumque. Aut consequuntur aliquam voluptatem quis hic ex quidem. Voluptas temporibus et nobis in sed occaecati aliquam.', 0, '2021-02-01 01:43:27', '2021-02-01 01:43:27'),
(98, 63, 'Dr. Mae Anderson', 'Sed voluptatum iste velit dolor in et. Dicta eos aut libero qui. Omnis architecto ea eligendi id. Non et ipsum sapiente enim eum et.', 0, '2021-02-01 01:43:27', '2021-02-01 01:43:27'),
(99, 7, 'Bruce Langworth', 'Id et eius quae nisi alias error excepturi. Et neque molestias dolorem. Explicabo et facere qui commodi commodi error.', 3, '2021-02-01 01:43:27', '2021-02-01 01:43:27'),
(100, 59, 'Lamar Wiza', 'Et omnis id dolor quaerat. Provident molestiae non consequuntur. Fuga ipsum voluptatum at doloribus quasi dolor unde quibusdam.', 5, '2021-02-01 01:43:27', '2021-02-01 01:43:27'),
(101, 60, 'Broderick Dach', 'Et minima consequatur suscipit ipsum ut. Enim provident sequi voluptas ad. Dolorem libero ipsam dolores explicabo nam harum esse.', 5, '2021-02-01 01:43:27', '2021-02-01 01:43:27'),
(102, 24, 'Mr. Gardner Price I', 'Qui sed perspiciatis assumenda. Labore ipsa quod et illo sed nulla nostrum. Commodi dignissimos ut voluptates rem impedit.', 2, '2021-02-01 01:43:27', '2021-02-01 01:43:27'),
(103, 11, 'Dr. Madisen Schimmel V', 'Exercitationem sunt sit qui aut quam. Hic quis aut consequatur nemo saepe aut neque aut.', 5, '2021-02-01 01:43:27', '2021-02-01 01:43:27'),
(104, 80, 'Willow Walker', 'Voluptas harum quia dolores quia. Corrupti omnis dolores aut repudiandae rerum voluptatem quia. Illum voluptate ut cumque suscipit.', 1, '2021-02-01 01:43:27', '2021-02-01 01:43:27'),
(105, 86, 'Leopoldo Sipes', 'Consequatur nemo ut magni sed fugiat. Illo eos odit excepturi commodi at. Officiis ut soluta labore vel rerum eius.', 3, '2021-02-01 01:43:27', '2021-02-01 01:43:27'),
(106, 92, 'Dr. Alfredo Sporer Jr.', 'Quia et occaecati sapiente reprehenderit et. Dolorem consequatur rerum debitis quaerat enim sed quae.', 3, '2021-02-01 01:43:27', '2021-02-01 01:43:27'),
(107, 73, 'Prof. Kennith Ledner', 'Et et totam fugiat est consectetur alias aut accusamus. Temporibus in odio molestias nihil. Amet molestiae aut ut est est et modi. Quo dolores eveniet totam.', 0, '2021-02-01 01:43:27', '2021-02-01 01:43:27'),
(108, 93, 'Felix Little I', 'Fugiat non veniam voluptas officiis dolores reprehenderit cum. Voluptas rerum molestiae debitis quis totam.', 4, '2021-02-01 01:43:27', '2021-02-01 01:43:27'),
(109, 74, 'Prof. Cleo Altenwerth', 'Officiis asperiores quis et ad laborum quam voluptates. Vel et iste nihil sint. Laudantium pariatur qui delectus fugit occaecati et dolorum illum. Consectetur amet velit fugit aliquam quo. Illum aliquam itaque reiciendis eos quis ad.', 4, '2021-02-01 01:43:27', '2021-02-01 01:43:27'),
(110, 42, 'Ferne Beatty', 'Iste aut accusamus minima. Laborum eveniet illum repellendus dolorem. Libero molestiae a sequi. Et quis cumque voluptatem aliquid assumenda officia.', 3, '2021-02-01 01:43:28', '2021-02-01 01:43:28'),
(111, 85, 'Chelsea Dare', 'Iure culpa quidem autem nihil quia. Saepe magni et et modi. Aut sit eos libero beatae inventore aut molestias. Omnis molestias praesentium labore fuga unde natus corrupti.', 5, '2021-02-01 01:43:28', '2021-02-01 01:43:28'),
(112, 88, 'Mr. Rico Ryan I', 'Fugiat et eum quis et voluptatem omnis et. Et earum voluptatem facere quo. Aut sint voluptatem vel quia rerum. Cumque a sint similique quis quo.', 5, '2021-02-01 01:43:28', '2021-02-01 01:43:28'),
(113, 41, 'Jeffery Windler', 'Unde ea nesciunt explicabo asperiores nulla. Placeat quas qui consequatur omnis asperiores qui. Similique omnis et similique. Dolore nisi dolorem est.', 3, '2021-02-01 01:43:28', '2021-02-01 01:43:28'),
(114, 40, 'Raven Leuschke', 'Vel velit veniam vel quae nemo a. Commodi magnam et cupiditate et quasi exercitationem. Asperiores omnis iure minus velit cumque voluptatem quia aut.', 5, '2021-02-01 01:43:28', '2021-02-01 01:43:28'),
(115, 67, 'Sidney Quitzon', 'Harum ut voluptas unde illo quo. Libero iusto neque aut velit officiis ullam. In eum iure omnis mollitia veritatis. Commodi aut delectus et necessitatibus.', 1, '2021-02-01 01:43:28', '2021-02-01 01:43:28'),
(116, 80, 'Herminia Fisher', 'Maxime exercitationem dolor molestiae incidunt dicta. Nemo earum nisi quis in. Commodi qui culpa atque. Omnis earum totam rem consequuntur.', 5, '2021-02-01 01:43:28', '2021-02-01 01:43:28'),
(117, 53, 'Prof. Gaetano Hayes', 'Ipsum sit fugit nihil voluptate. Est dolorem nostrum ducimus ex soluta. Doloremque dolorem similique ducimus ab.', 2, '2021-02-01 01:43:28', '2021-02-01 01:43:28'),
(118, 15, 'Lavina Runolfsson', 'Quo neque tenetur nemo quis. Et ex officiis veritatis debitis quasi natus eligendi. Et et voluptates et tempore sapiente. Aut molestias laudantium molestiae magni et.', 0, '2021-02-01 01:43:28', '2021-02-01 01:43:28'),
(119, 82, 'Ed Gorczany', 'Modi voluptas blanditiis suscipit nihil qui sit. Atque quaerat fugiat et aliquid sit. Iure quia nostrum laborum minus laudantium. Deserunt quam ut nemo.', 2, '2021-02-01 01:43:28', '2021-02-01 01:43:28'),
(120, 89, 'Mr. Felton Ortiz IV', 'Ipsa et voluptatem veritatis quidem. Culpa voluptatum quis iusto incidunt voluptatem. Perferendis nesciunt earum est ut.', 4, '2021-02-01 01:43:28', '2021-02-01 01:43:28'),
(121, 4, 'Helene Johnson', 'Ipsam eos quis animi quam iusto sunt velit. Qui laboriosam culpa qui minus excepturi ut. Similique rerum repellendus sit culpa eveniet. Beatae velit perferendis voluptas.', 1, '2021-02-01 01:43:28', '2021-02-01 01:43:28'),
(122, 48, 'Hallie White', 'Quia voluptatem tempore eum veniam fugit molestiae voluptatem. Dolores corrupti aspernatur illum et debitis aut. Rerum ea atque odit dignissimos vel.', 3, '2021-02-01 01:43:28', '2021-02-01 01:43:28'),
(123, 100, 'Garnet Christiansen', 'Facere omnis dolores eum est sint. Illo consequatur eos odit rem. Est est minus voluptatem optio error ad vitae.', 2, '2021-02-01 01:43:28', '2021-02-01 01:43:28'),
(124, 20, 'Stanton Harvey', 'Ut voluptatem velit et et. Repellat architecto consequuntur eveniet ex nulla. Cumque veniam magnam pariatur. Quaerat eligendi vitae id quasi impedit aut harum.', 0, '2021-02-01 01:43:28', '2021-02-01 01:43:28'),
(125, 55, 'Orrin Stiedemann', 'Nobis exercitationem aliquam numquam asperiores et architecto occaecati. Sed sapiente eum quaerat eum. Nostrum qui corrupti ut maxime explicabo dolor voluptas sequi. Est quis autem aut est. Nesciunt quia similique cumque voluptatem odio.', 0, '2021-02-01 01:43:28', '2021-02-01 01:43:28'),
(126, 60, 'Alene Braun', 'Sit tempore et quia porro quis eligendi. Reprehenderit voluptatem nostrum mollitia perspiciatis veritatis dolore qui voluptas. Officia numquam ratione architecto sapiente eum unde dolor. Sed commodi non odio dolores harum sed consequatur.', 1, '2021-02-01 01:43:28', '2021-02-01 01:43:28'),
(127, 43, 'Lavern Klocko', 'Iure et non saepe. Possimus ad optio non numquam. Iste vel ut ut libero. Praesentium quibusdam ut unde autem.', 3, '2021-02-01 01:43:28', '2021-02-01 01:43:28'),
(128, 28, 'Ms. Katelyn Friesen PhD', 'Dolorem optio pariatur ducimus porro iure pariatur sint temporibus. Porro laborum ad est perferendis. Quod et facilis non dolorem amet. Minima aut magnam sed. Aliquam eius veritatis est hic veniam qui voluptatem et.', 3, '2021-02-01 01:43:28', '2021-02-01 01:43:28'),
(129, 33, 'Verna Gusikowski', 'Ut nesciunt modi quos nemo ut incidunt nemo consectetur. Officiis est quidem est et. Nesciunt cupiditate id quos in ipsum recusandae. Occaecati enim ea assumenda et.', 3, '2021-02-01 01:43:28', '2021-02-01 01:43:28'),
(130, 80, 'Prof. Autumn Considine', 'Eius maxime vel ullam. Voluptatem dicta dicta error consequatur porro. Vel et architecto dicta repudiandae eum atque iusto quasi.', 0, '2021-02-01 01:43:28', '2021-02-01 01:43:28'),
(131, 4, 'Gustave Lemke', 'Repellendus molestiae similique aliquid vero cum sit laborum nesciunt. Laboriosam velit ut fugit natus quo qui dolorem. Eos sed consectetur minima et assumenda aperiam sit. In sapiente optio ducimus sed sit dolorum.', 3, '2021-02-01 01:43:28', '2021-02-01 01:43:28'),
(132, 59, 'Prof. Madaline Hodkiewicz', 'Itaque consequatur incidunt inventore sed temporibus saepe corrupti quam. Dolorum porro eos est autem. Non magnam temporibus magni suscipit eaque ipsa nostrum.', 1, '2021-02-01 01:43:28', '2021-02-01 01:43:28'),
(133, 14, 'Nora Jerde', 'Tempora laboriosam nam ratione dolores vero voluptatem eveniet delectus. Reprehenderit et perspiciatis sed eum. Aut dolores ducimus vitae molestiae in facere dicta. Labore ullam mollitia atque.', 4, '2021-02-01 01:43:28', '2021-02-01 01:43:28'),
(134, 63, 'Prof. Malinda McClure', 'Dolore laborum adipisci reprehenderit esse ea. Est nulla qui eum itaque. Aut veritatis natus fugiat dicta sint commodi at.', 1, '2021-02-01 01:43:28', '2021-02-01 01:43:28'),
(135, 5, 'Madyson Lubowitz', 'Nam officia sed tempora eveniet. Sequi voluptatum quasi tempora blanditiis earum eaque. Quis aperiam ut veritatis laudantium officia.', 5, '2021-02-01 01:43:28', '2021-02-01 01:43:28'),
(136, 49, 'Peyton Heathcote', 'Odit nemo corporis quia iusto dolores amet sit. Et iste eos magnam vel. Placeat nulla aut dolorem.', 2, '2021-02-01 01:43:28', '2021-02-01 01:43:28'),
(137, 14, 'Boris VonRueden', 'Voluptates distinctio quia error maiores ipsum ut ipsa doloribus. Eligendi expedita aut dignissimos sit. Modi et nihil et autem et atque. Exercitationem reprehenderit iusto eos dolores dolor ipsum.', 4, '2021-02-01 01:43:28', '2021-02-01 01:43:28'),
(138, 84, 'Jeromy Dietrich', 'Odio error consequatur et est sint odio doloremque. Enim nulla earum animi voluptatem tempore voluptate non. Officiis optio animi eaque atque quis delectus repellat.', 1, '2021-02-01 01:43:28', '2021-02-01 01:43:28'),
(139, 20, 'Ivory Considine', 'Eos sunt ducimus repudiandae magnam. Officiis eligendi tenetur ducimus et. Nam quo molestiae aliquid tempore placeat quisquam fuga.', 3, '2021-02-01 01:43:28', '2021-02-01 01:43:28'),
(140, 75, 'Dr. Connor Wisoky Jr.', 'Voluptatem et consequuntur molestias. Sed eum in vel iure sit vel.', 4, '2021-02-01 01:43:28', '2021-02-01 01:43:28'),
(141, 18, 'Noelia Bosco', 'Nam pariatur harum pariatur illum enim sunt in. Eum voluptas ratione sapiente quae. Pariatur suscipit omnis nihil qui. Consequatur quia saepe blanditiis.', 2, '2021-02-01 01:43:28', '2021-02-01 01:43:28'),
(142, 76, 'Ray Bartoletti MD', 'In officia quis vel sunt facilis. Atque nesciunt quasi voluptas a dolorum voluptas itaque. Saepe doloremque ut in neque ducimus est. Aut aut qui ipsum.', 3, '2021-02-01 01:43:28', '2021-02-01 01:43:28'),
(143, 16, 'Kelsi Hand', 'Sit eaque repellat dicta est accusantium. Aut qui ab reprehenderit debitis hic ut laudantium et. Et sint magni quas est. Accusamus consectetur atque explicabo. Est neque omnis natus accusantium recusandae.', 3, '2021-02-01 01:43:28', '2021-02-01 01:43:28'),
(144, 63, 'Prof. Bridget Wehner V', 'Ut minus sint dolor voluptatem. Odit iure distinctio nisi alias et nisi dolorem dolorem. Eos non sunt est consequatur. Facere placeat modi repellendus quia.', 0, '2021-02-01 01:43:28', '2021-02-01 01:43:28'),
(145, 63, 'Will Ledner', 'Asperiores numquam id cum rem voluptas. Corporis et cumque perspiciatis quia animi. Sunt qui rerum quia consequatur laborum dolores.', 3, '2021-02-01 01:43:28', '2021-02-01 01:43:28'),
(146, 88, 'Dr. Jan Adams', 'Accusantium eos eligendi in consequatur ea blanditiis quam. Accusamus magnam ut nobis ex. Sed adipisci aut qui quod eveniet aliquid. Quasi fuga perspiciatis asperiores maxime in.', 4, '2021-02-01 01:43:28', '2021-02-01 01:43:28'),
(147, 17, 'Brennon Lesch', 'Vel ullam cum sunt deleniti iste ea. Enim quod voluptas magnam libero error sunt sunt.', 5, '2021-02-01 01:43:28', '2021-02-01 01:43:28'),
(148, 80, 'Ms. Dariana Jast', 'Maxime quibusdam cum modi rem. Nobis consequuntur at ut deserunt explicabo.', 5, '2021-02-01 01:43:28', '2021-02-01 01:43:28'),
(149, 99, 'Norwood Pagac', 'Dolores laudantium dolor voluptatem enim optio non. Nemo perspiciatis aspernatur consequatur laudantium voluptas. Autem iusto est quibusdam et nam odio. Totam velit occaecati in necessitatibus alias doloribus quis. Maxime quia voluptatibus placeat quam.', 1, '2021-02-01 01:43:28', '2021-02-01 01:43:28'),
(150, 99, 'Tad Hickle', 'Sunt explicabo voluptas repudiandae enim illo. Nam omnis adipisci laborum ullam. Et eligendi ea accusantium consectetur tenetur. Ducimus similique inventore et qui placeat quisquam.', 3, '2021-02-01 01:43:28', '2021-02-01 01:43:28'),
(151, 5, 'Liliana Ebert', 'Et ad non nulla. Enim iusto voluptatum ex ratione et commodi sequi. Earum fuga nulla quo temporibus vel.', 2, '2021-02-01 01:43:28', '2021-02-01 01:43:28'),
(152, 70, 'Kobe Jacobi', 'Autem non ut eaque est et dolorem non. Eum autem et qui quaerat temporibus. Nobis praesentium nulla quae eum adipisci nobis. Fugit aut asperiores adipisci molestiae similique culpa voluptas saepe. Odio et laborum facere sunt distinctio.', 5, '2021-02-01 01:43:28', '2021-02-01 01:43:28'),
(153, 2, 'Dixie Watsica', 'Id reprehenderit voluptatem quas aliquam ullam. Non doloribus voluptatem cupiditate fugit ex repellendus. Eius voluptas nobis est sunt. Autem cum ut voluptas odio ut nisi ut.', 5, '2021-02-01 01:43:28', '2021-02-01 01:43:28'),
(154, 22, 'Ashlee McLaughlin', 'Recusandae et ut adipisci excepturi sit est. Ea voluptate in quis deleniti. Placeat sint quia quis consequuntur. Ab ea aliquam et sequi voluptatibus est debitis.', 4, '2021-02-01 01:43:28', '2021-02-01 01:43:28'),
(155, 81, 'Tiffany Dach', 'Libero nesciunt iure sint at molestiae. Ipsam numquam omnis cumque sunt consequuntur mollitia. Delectus numquam fugit voluptatem eaque debitis quibusdam expedita. Et est error inventore nemo quod ut perferendis error. Nobis ab et est voluptas voluptatibus est quibusdam.', 3, '2021-02-01 01:43:28', '2021-02-01 01:43:28'),
(156, 13, 'Kamron Roberts Jr.', 'Libero iure esse nemo. Sequi voluptatem adipisci odit.', 1, '2021-02-01 01:43:28', '2021-02-01 01:43:28'),
(157, 34, 'Mr. Herbert Skiles', 'Optio similique et voluptates veniam sed. Reprehenderit nemo repellat amet in soluta rerum suscipit. Quae rerum temporibus commodi aut veniam nam maxime.', 0, '2021-02-01 01:43:28', '2021-02-01 01:43:28'),
(158, 18, 'Lesley Lebsack', 'Libero hic sint unde praesentium quam natus. Voluptates adipisci dolores dolores totam sed corrupti voluptas. Sed quis assumenda nihil at vel. Quo et eius ad ab eos.', 5, '2021-02-01 01:43:28', '2021-02-01 01:43:28'),
(159, 59, 'Perry Renner', 'Magni vel maxime provident et sint ut. Est quo vel natus ut doloribus.', 0, '2021-02-01 01:43:28', '2021-02-01 01:43:28'),
(160, 86, 'Doug Sauer MD', 'Veritatis dolorum harum et impedit necessitatibus doloremque. Aut amet alias ad sed assumenda rerum. Culpa aliquid esse doloremque. Temporibus quam sunt totam.', 4, '2021-02-01 01:43:28', '2021-02-01 01:43:28'),
(161, 8, 'Eryn Gerhold', 'Alias id ducimus corporis et assumenda cum aut. Dolor adipisci voluptas vitae omnis voluptate enim dolorem et. Aut esse quisquam aut aperiam aut.', 0, '2021-02-01 01:43:28', '2021-02-01 01:43:28'),
(162, 96, 'Eldon Cronin Sr.', 'Temporibus soluta nemo incidunt. Tempore necessitatibus quisquam et voluptatem non et doloremque. Sed voluptatum ex quos aut ipsam odit facere.', 2, '2021-02-01 01:43:28', '2021-02-01 01:43:28'),
(163, 18, 'Kaitlyn Hegmann', 'Ut autem et qui qui. Dignissimos cupiditate voluptate et et. Nostrum ut iste aut id quod. Molestiae blanditiis nobis est beatae.', 0, '2021-02-01 01:43:28', '2021-02-01 01:43:28'),
(164, 62, 'Ms. Trudie Hettinger DVM', 'Qui dolores sint expedita. Quod odio voluptatum ipsum laudantium velit quibusdam. Praesentium sed neque neque aperiam fugit eos. Illum eos dolorem placeat et.', 3, '2021-02-01 01:43:28', '2021-02-01 01:43:28'),
(165, 18, 'Prof. Uriah Windler Jr.', 'Error harum id pariatur sed sint quisquam sed dicta. Ut ad quis sit in tempore reprehenderit. Quos perferendis id culpa et deserunt ipsam totam dolorem. Eius et in dolorem aut qui non qui.', 0, '2021-02-01 01:43:28', '2021-02-01 01:43:28'),
(166, 30, 'Mrs. Henriette Rau Jr.', 'Ea provident consequatur eum est a et facilis. Rem neque corrupti sapiente corporis dolor accusantium laboriosam. Deleniti in est eaque illo itaque nihil sed corporis.', 3, '2021-02-01 01:43:28', '2021-02-01 01:43:28'),
(167, 77, 'Danielle Reinger', 'Enim autem perspiciatis aliquam recusandae magni tempora. Ex nobis quis nulla iste eum. Quidem nihil esse aut cupiditate dolorem voluptates ducimus. Impedit sint ut est soluta odit aliquid.', 1, '2021-02-01 01:43:28', '2021-02-01 01:43:28'),
(168, 94, 'Lelah Runolfsson', 'Ab odit necessitatibus tenetur natus minima qui iure. Voluptas quasi voluptas aut modi quaerat. Deleniti inventore sapiente possimus sed dolorum. Eveniet qui sit modi asperiores eveniet ipsum et.', 2, '2021-02-01 01:43:28', '2021-02-01 01:43:28'),
(169, 41, 'Mr. Orval Lind', 'Consequuntur eius distinctio culpa sapiente non excepturi et. Et maxime enim nesciunt quia.', 3, '2021-02-01 01:43:28', '2021-02-01 01:43:28'),
(170, 16, 'Prof. Jaiden King DDS', 'In iusto molestiae soluta tempore id. Inventore eum ut non. Quibusdam sit deserunt delectus omnis. Aliquam voluptate incidunt ea fugit. Rem est quia ut.', 4, '2021-02-01 01:43:28', '2021-02-01 01:43:28'),
(171, 74, 'Consuelo Dibbert Sr.', 'Esse et vel dolor et rerum. Id omnis similique quia ipsum. Ad aspernatur doloribus natus.', 5, '2021-02-01 01:43:28', '2021-02-01 01:43:28'),
(172, 1, 'Darren Kovacek III', 'Fugit et error nulla. Dolore cum odio quisquam itaque quia iusto nobis. Suscipit a est quis. Enim sint repellendus amet voluptatem possimus rem non. Et quidem velit quidem dignissimos sapiente.', 2, '2021-02-01 01:43:28', '2021-02-01 01:43:28'),
(173, 76, 'Guido Abshire', 'In molestiae eum laborum rerum officia. Temporibus possimus accusamus aut dolor odio. Ut dolorum dolor assumenda incidunt. Et aspernatur voluptatibus autem molestias sunt accusantium.', 4, '2021-02-01 01:43:28', '2021-02-01 01:43:28'),
(174, 59, 'Mr. Brock Rohan DVM', 'Est dolore et earum. Nihil eum esse tempora. Et odio quo enim et officiis inventore eum.', 3, '2021-02-01 01:43:28', '2021-02-01 01:43:28'),
(175, 1, 'Prof. Finn Cartwright DVM', 'Et enim voluptas illum at. Quo quo et odit aut.', 0, '2021-02-01 01:43:28', '2021-02-01 01:43:28'),
(176, 7, 'Hattie Lakin', 'Minima reprehenderit reprehenderit odit dolorem architecto est incidunt. Ex totam vel et perferendis. Adipisci dolores consequuntur iure tempora aut mollitia.', 5, '2021-02-01 01:43:28', '2021-02-01 01:43:28'),
(177, 64, 'Edmond Ondricka', 'Veritatis ut veritatis sunt dolorem. Qui ut sunt molestias omnis vel laborum eum. Eum animi libero asperiores repudiandae tempore laboriosam labore quis. Sint error necessitatibus doloremque at ratione sed.', 2, '2021-02-01 01:43:28', '2021-02-01 01:43:28'),
(178, 23, 'Jayde Kertzmann', 'Rerum est adipisci libero est. Saepe officia quidem voluptatem doloribus. Delectus ducimus vitae perferendis deleniti temporibus expedita aut necessitatibus. Magni voluptatibus officiis molestias quia rerum porro.', 5, '2021-02-01 01:43:28', '2021-02-01 01:43:28'),
(179, 47, 'Missouri Nader MD', 'Blanditiis sint unde officia minus. Quos harum recusandae optio. Eos dolor minima error et. Culpa ea quod minus et sed voluptas et.', 2, '2021-02-01 01:43:28', '2021-02-01 01:43:28'),
(180, 41, 'Abigail Gislason', 'Vel expedita vitae consequatur fugiat. Impedit rem voluptates enim ullam est impedit. Quae et et tenetur animi et nisi.', 0, '2021-02-01 01:43:28', '2021-02-01 01:43:28'),
(181, 37, 'Yazmin Mayert DVM', 'Dolores qui sit ab ducimus qui non aut id. In aliquam maxime blanditiis.', 0, '2021-02-01 01:43:28', '2021-02-01 01:43:28'),
(182, 34, 'Izaiah O\'Reilly', 'Dicta soluta rem exercitationem labore laborum ut perspiciatis. Nihil consequatur accusantium ut dolore repudiandae. Sit aut ut quis velit. Eius aliquid ut saepe id sunt repellat.', 1, '2021-02-01 01:43:28', '2021-02-01 01:43:28'),
(183, 30, 'Trinity Gleason', 'Perspiciatis ut est et. Sit rerum accusantium possimus dolores. Ipsa culpa debitis architecto deserunt fugiat quos. Et odit tempora explicabo.', 3, '2021-02-01 01:43:28', '2021-02-01 01:43:28'),
(184, 59, 'Dr. Niko Schowalter', 'Sed vel adipisci sit voluptas id veniam. Id quis quae similique cupiditate explicabo minus quam id. Ut similique a laudantium sit.', 1, '2021-02-01 01:43:28', '2021-02-01 01:43:28'),
(185, 18, 'Norris Erdman', 'Et est quaerat veritatis quibusdam dignissimos temporibus vitae. Nam reiciendis iusto at eos dolor incidunt.', 0, '2021-02-01 01:43:28', '2021-02-01 01:43:28'),
(186, 33, 'Fay Beahan', 'Similique et ad doloremque aliquam fugit similique mollitia. Cupiditate ut deserunt quia aut eum vel. Nobis voluptas iure non expedita et. In qui similique nemo qui.', 1, '2021-02-01 01:43:28', '2021-02-01 01:43:28'),
(187, 39, 'Mr. Nick Larson Sr.', 'Eaque dolore deleniti praesentium quia libero. Ea suscipit eius et consectetur. Suscipit optio eligendi et sunt eum. Fugit et qui assumenda et laudantium itaque voluptatem.', 0, '2021-02-01 01:43:28', '2021-02-01 01:43:28'),
(188, 3, 'Lydia Greenfelder', 'Ducimus velit voluptatum aut sed delectus beatae distinctio omnis. Eos minima sed facere est consequatur pariatur omnis.', 0, '2021-02-01 01:43:28', '2021-02-01 01:43:28'),
(189, 28, 'Prof. Fred Gerlach III', 'Quibusdam laboriosam quia sit a adipisci occaecati. Voluptatem expedita voluptates non repudiandae beatae qui saepe. Omnis eaque fugiat rem debitis temporibus. Non perferendis ullam optio consequuntur ab libero.', 0, '2021-02-01 01:43:28', '2021-02-01 01:43:28'),
(190, 100, 'Hipolito Effertz', 'Nam explicabo sapiente quo consequatur veritatis necessitatibus nisi. Iste vel amet debitis odit ab vitae. Neque porro ab debitis et esse necessitatibus. Dignissimos mollitia sequi dignissimos incidunt consectetur voluptas esse excepturi.', 0, '2021-02-01 01:43:28', '2021-02-01 01:43:28'),
(191, 82, 'Dr. Lucious Anderson DVM', 'Aut voluptatem illum nihil et corrupti quisquam enim repellat. Ducimus est est ipsum blanditiis. Aut ipsum qui ut exercitationem. Nesciunt nisi laudantium veritatis harum tenetur qui.', 2, '2021-02-01 01:43:28', '2021-02-01 01:43:28'),
(192, 87, 'Marianne Casper', 'Beatae tempora vel nesciunt quo eveniet reprehenderit omnis animi. Similique ipsam cum itaque. Omnis voluptatem illo placeat inventore.', 1, '2021-02-01 01:43:28', '2021-02-01 01:43:28'),
(193, 56, 'Prof. Al Hirthe DVM', 'Illum id nam impedit omnis. Occaecati cum ad est ipsam voluptatum modi. Omnis ab molestias nihil consectetur officia officia nisi vel.', 2, '2021-02-01 01:43:28', '2021-02-01 01:43:28'),
(194, 62, 'Mrs. Winifred Kertzmann II', 'Temporibus sequi cupiditate quia dolor quo incidunt earum. Optio at id est atque aut. Nam expedita dolores accusantium recusandae.', 2, '2021-02-01 01:43:28', '2021-02-01 01:43:28'),
(195, 21, 'Jeramy Pfeffer', 'Odit nulla quos et. Occaecati aut vitae fuga libero occaecati quia quia. Autem esse eos illum quia. Velit dignissimos doloremque dolorem sint id ullam. Deserunt voluptatem voluptas ducimus rerum.', 4, '2021-02-01 01:43:28', '2021-02-01 01:43:28'),
(196, 9, 'Mr. Norris Carroll', 'Qui et autem ducimus voluptates odio explicabo dicta dolorem. Eos et nostrum laudantium dolores consectetur aut quaerat. Laboriosam corporis ratione eius officia est.', 1, '2021-02-01 01:43:28', '2021-02-01 01:43:28'),
(197, 97, 'Houston Pacocha', 'Nostrum perferendis omnis corrupti architecto mollitia. Suscipit dignissimos magnam in impedit.', 1, '2021-02-01 01:43:28', '2021-02-01 01:43:28'),
(198, 76, 'Felicita Purdy', 'Possimus quia non aut temporibus dolore. Sequi at laudantium enim deleniti possimus animi. Rerum quae aut sint soluta eum sed beatae. Quod pariatur ut earum eaque. Non eos rerum doloribus.', 1, '2021-02-01 01:43:28', '2021-02-01 01:43:28'),
(199, 60, 'Quinten Bosco', 'Esse earum temporibus aut. Qui repellendus velit quia odit. Id non ipsum incidunt.', 5, '2021-02-01 01:43:28', '2021-02-01 01:43:28'),
(200, 58, 'Darron Purdy', 'Tempore omnis sequi optio et sed. Non dolore ea placeat velit et. Et et eum dolorem aut amet quod magni. Ad rerum ex delectus excepturi similique. Aspernatur voluptatem error vel odit similique soluta itaque.', 0, '2021-02-01 01:43:28', '2021-02-01 01:43:28'),
(201, 66, 'Tiara Lynch', 'Aliquid ipsa commodi assumenda ab qui expedita voluptas. Rerum debitis ratione perferendis labore explicabo non nobis. Iusto harum omnis at et cum. Qui corrupti dolore et et animi voluptatem.', 5, '2021-02-01 01:43:28', '2021-02-01 01:43:28'),
(202, 74, 'Jarrell Predovic', 'Nesciunt ipsum eum eum aut provident sit delectus. Accusantium autem ea quibusdam et consequatur eius modi. Consequatur quam ut cumque illo est quis nostrum cumque.', 5, '2021-02-01 01:43:28', '2021-02-01 01:43:28'),
(203, 85, 'Miss Jacynthe Abernathy IV', 'Doloremque maiores voluptatibus perspiciatis. Ea nesciunt distinctio sed qui laborum ea et. Ullam similique quidem ad dolore.', 5, '2021-02-01 01:43:28', '2021-02-01 01:43:28'),
(204, 28, 'Andreane Kiehn DDS', 'Laudantium aut est qui et. Voluptate vel quia et aut sunt ut illo rem.', 0, '2021-02-01 01:43:28', '2021-02-01 01:43:28'),
(205, 12, 'Elsa Auer', 'Hic voluptas vero molestiae molestias architecto. Atque rerum placeat non. Odio debitis quisquam et libero vel.', 3, '2021-02-01 01:43:28', '2021-02-01 01:43:28'),
(206, 92, 'Prof. Rogers Goodwin PhD', 'Deleniti perspiciatis reprehenderit vel voluptas ut. Saepe eius magni eveniet incidunt. Ea perspiciatis ad saepe. Ex veritatis et qui et voluptatem praesentium nesciunt facere.', 5, '2021-02-01 01:43:28', '2021-02-01 01:43:28'),
(207, 89, 'Ms. Ethelyn Mohr Sr.', 'Id omnis nisi accusamus vero hic. Recusandae aliquid et quia culpa odio.', 3, '2021-02-01 01:43:28', '2021-02-01 01:43:28'),
(208, 97, 'Sarina Lubowitz', 'Eligendi aut ut ex odio fugit fugiat quia. Minus amet velit odit praesentium ducimus eos. Praesentium voluptate similique minus quas. Molestiae ipsa aut mollitia aut voluptas. Eos tenetur asperiores quia ut tenetur quae.', 4, '2021-02-01 01:43:28', '2021-02-01 01:43:28'),
(209, 29, 'Jaqueline Pfeffer', 'Necessitatibus veniam dolore dolorem quis. Necessitatibus quidem eum in voluptates excepturi doloremque expedita itaque. Ducimus ad odit aspernatur animi illo placeat optio ea.', 2, '2021-02-01 01:43:28', '2021-02-01 01:43:28'),
(210, 84, 'Dr. Sophia Jacobson DVM', 'Ut quisquam dolore et facilis asperiores. Vero aspernatur ut voluptates amet. Aut error quia ipsam ullam corrupti ut fuga. Error molestias nihil necessitatibus sit illum voluptate. Ratione vero quo aspernatur.', 0, '2021-02-01 01:43:28', '2021-02-01 01:43:28'),
(211, 87, 'Francisca Brekke', 'Sint iure in molestias aut. Dolorem praesentium temporibus laboriosam ab. Animi enim recusandae et labore error. Impedit ea aut dolor magnam voluptatem.', 3, '2021-02-01 01:43:28', '2021-02-01 01:43:28'),
(212, 26, 'Dell Koepp', 'Maiores numquam quidem quia dolorum reiciendis nihil rerum beatae. Earum labore quos culpa. Voluptatum ut explicabo eius cumque ducimus laboriosam temporibus voluptas.', 0, '2021-02-01 01:43:28', '2021-02-01 01:43:28'),
(213, 70, 'Rudolph Conroy II', 'Rerum labore quo mollitia nihil soluta vero odit. Ullam reiciendis amet sit odit. Est quae velit enim dolorem earum nulla. Repellendus inventore adipisci aliquid qui amet.', 2, '2021-02-01 01:43:28', '2021-02-01 01:43:28'),
(214, 70, 'Prof. Margarette Rolfson', 'Nulla blanditiis voluptatem sequi rerum omnis provident. Quod facere unde sed incidunt. Quia labore at laborum voluptas.', 4, '2021-02-01 01:43:28', '2021-02-01 01:43:28'),
(215, 40, 'Cloyd Littel', 'In dolorem molestiae perspiciatis necessitatibus iste porro delectus. Consequatur qui a dicta quo totam. Et illum sed laborum officiis aut debitis recusandae. Excepturi harum sapiente ex veritatis est.', 3, '2021-02-01 01:43:28', '2021-02-01 01:43:28'),
(216, 6, 'Brennan Kautzer', 'Minima excepturi eveniet et. Nam rerum qui explicabo animi.', 4, '2021-02-01 01:43:28', '2021-02-01 01:43:28');
INSERT INTO `reviews` (`id`, `product_id`, `customer`, `review`, `star`, `created_at`, `updated_at`) VALUES
(217, 7, 'Laurel Rath', 'Error veniam doloremque consectetur est. Et nihil beatae dolorem. Et hic voluptatem voluptatem sapiente qui amet ex.', 1, '2021-02-01 01:43:28', '2021-02-01 01:43:28'),
(218, 81, 'Prof. Kacie Kerluke MD', 'Rem eum at ducimus officia. Quis laudantium quidem itaque quia. Velit sit iusto totam sed quasi.', 2, '2021-02-01 01:43:28', '2021-02-01 01:43:28'),
(219, 63, 'Daphnee Botsford', 'Nobis rerum cupiditate placeat earum suscipit tenetur. Illum numquam sequi neque illum eaque ipsum blanditiis numquam. Aut provident officiis et repellat. Modi sit sit alias error.', 5, '2021-02-01 01:43:28', '2021-02-01 01:43:28'),
(220, 6, 'Ms. Carole O\'Keefe', 'Distinctio explicabo voluptatem quia nemo. Eveniet sit nihil animi eveniet laudantium fugit.', 4, '2021-02-01 01:43:28', '2021-02-01 01:43:28'),
(221, 42, 'Jeremy Pollich', 'Explicabo dolore neque ut praesentium. Accusantium magni est omnis eum nesciunt. Facere est praesentium distinctio debitis.', 0, '2021-02-01 01:43:28', '2021-02-01 01:43:28'),
(222, 63, 'Hillard Greenholt', 'Voluptatum inventore non libero dolor porro. Voluptatem et aspernatur nesciunt et assumenda nobis. Ut sit velit illo et qui. Et vel accusantium laboriosam tempora.', 1, '2021-02-01 01:43:28', '2021-02-01 01:43:28'),
(223, 73, 'Patsy West', 'Excepturi occaecati officia unde aut. Saepe impedit consequatur molestias doloremque. Aut voluptatem sapiente ab. Nihil rerum rerum quia ipsam dolor iusto aut. Excepturi quia ab natus est aut ducimus.', 0, '2021-02-01 01:43:28', '2021-02-01 01:43:28'),
(224, 77, 'Ms. Sister Miller IV', 'Sunt nostrum qui dolorem vel sit. Sed commodi est vero optio accusantium harum odio. Sed dolores et ipsum dolore autem iste pariatur.', 2, '2021-02-01 01:43:28', '2021-02-01 01:43:28'),
(225, 44, 'Cristobal Rohan', 'Sequi quia quis incidunt consequatur accusantium. Qui omnis dolor nesciunt.', 2, '2021-02-01 01:43:28', '2021-02-01 01:43:28'),
(226, 81, 'Helena Eichmann DDS', 'Facilis enim deserunt id sit voluptatibus sit sed. Dolores a deleniti quo. Sequi minima incidunt ut quasi. Enim maiores consectetur quisquam et et vero.', 4, '2021-02-01 01:43:28', '2021-02-01 01:43:28'),
(227, 42, 'Annabell Smitham', 'Possimus aut inventore quasi. Ab repudiandae expedita possimus doloremque id eligendi. Tempore incidunt rem ut facilis voluptatum. Blanditiis quam eaque est. Et error consequuntur pariatur sed deleniti.', 5, '2021-02-01 01:43:28', '2021-02-01 01:43:28'),
(228, 82, 'Sabrina Altenwerth', 'Quia magni est quo non. Odit asperiores esse odit ad. Autem amet et accusantium vitae in debitis voluptatem.', 1, '2021-02-01 01:43:28', '2021-02-01 01:43:28'),
(229, 27, 'Prof. Ashlynn Becker IV', 'Voluptatem voluptatem eum esse. Et vitae sit provident aut molestiae. Delectus veniam excepturi aspernatur dicta labore.', 5, '2021-02-01 01:43:28', '2021-02-01 01:43:28'),
(230, 28, 'Urban Hartmann', 'Consequuntur ut modi non sequi suscipit quasi sint. Quam modi molestiae voluptate corrupti. In enim sint eos atque quasi. Ipsum et voluptatibus cupiditate error. Sit deleniti ratione repellat nihil.', 1, '2021-02-01 01:43:28', '2021-02-01 01:43:28'),
(231, 66, 'Prof. Jovany Denesik IV', 'Consequuntur neque est aut soluta occaecati autem. Enim itaque laudantium maiores deserunt. Quod fugiat consequuntur ut ut.', 3, '2021-02-01 01:43:28', '2021-02-01 01:43:28'),
(232, 58, 'Lindsay Cormier PhD', 'Corporis aspernatur enim sapiente voluptatem adipisci totam. Debitis cupiditate aut est. Reiciendis et voluptatem ut quis. Voluptatibus doloremque exercitationem a rerum blanditiis qui in.', 2, '2021-02-01 01:43:28', '2021-02-01 01:43:28'),
(233, 97, 'Rachelle Roberts', 'Id fuga cum consequatur enim sit consequatur. Magni laboriosam est adipisci voluptatum id. Error molestias voluptatem rem eius quo sint tenetur. Et eos eaque perferendis.', 1, '2021-02-01 01:43:28', '2021-02-01 01:43:28'),
(234, 61, 'Vada Ankunding', 'Temporibus beatae eveniet numquam similique adipisci qui. Voluptate aliquid fugiat adipisci molestias qui consequatur. Porro non qui distinctio accusamus. Ducimus eaque quis vel a quod.', 0, '2021-02-01 01:43:28', '2021-02-01 01:43:28'),
(235, 3, 'Dr. Leta Kiehn', 'Nihil voluptas provident quia animi illo aut unde id. Ut voluptatem quidem ut placeat odio accusantium qui. Quo ut nesciunt ut illo quod quod eum.', 4, '2021-02-01 01:43:28', '2021-02-01 01:43:28'),
(236, 16, 'Ms. Imelda Buckridge Sr.', 'Similique sit neque nobis voluptas quidem sit possimus. Voluptatem occaecati porro voluptatum. Dignissimos id aliquid quidem rerum et et consequatur aperiam.', 3, '2021-02-01 01:43:28', '2021-02-01 01:43:28'),
(237, 77, 'Fiona Boyer', 'Et et eaque autem similique optio. Nihil inventore voluptas minus incidunt. Voluptas qui quia qui excepturi. Aut molestiae esse commodi ea incidunt incidunt.', 4, '2021-02-01 01:43:28', '2021-02-01 01:43:28'),
(238, 80, 'Dalton Bode', 'Aut quam et rem dignissimos. Corporis nisi mollitia repellendus autem corporis. Expedita eius nihil ducimus eum enim cupiditate eligendi.', 3, '2021-02-01 01:43:28', '2021-02-01 01:43:28'),
(239, 79, 'Tanya Kerluke', 'Est ea esse quia corrupti explicabo. Placeat sit in quo et. Fuga praesentium autem amet officia.', 0, '2021-02-01 01:43:28', '2021-02-01 01:43:28'),
(240, 7, 'Broderick Schuster', 'Et commodi quod voluptatem vitae vitae aut. Numquam maiores quia id temporibus. Occaecati est qui cumque.', 0, '2021-02-01 01:43:28', '2021-02-01 01:43:28'),
(241, 26, 'Mr. Cole Gorczany Sr.', 'Ut ab aut culpa nemo cum omnis. Ut eos commodi officiis. Vero voluptas quia quisquam rerum voluptas veritatis deserunt.', 4, '2021-02-01 01:43:28', '2021-02-01 01:43:28'),
(242, 34, 'Haylee Gerhold', 'Tempore et magnam tenetur dolorum qui. Dolores optio inventore dicta modi explicabo modi. Enim ipsam numquam magnam ut culpa.', 4, '2021-02-01 01:43:28', '2021-02-01 01:43:28'),
(243, 14, 'Karianne Becker', 'Asperiores recusandae consequatur optio libero vero aliquid. Omnis laborum officia labore eligendi qui in architecto autem. Sit ut ut iusto ut delectus ducimus.', 2, '2021-02-01 01:43:28', '2021-02-01 01:43:28'),
(244, 10, 'Ms. Bethel McDermott DDS', 'Tenetur hic qui fugiat quasi consequatur. Quo delectus corporis eos. Labore hic fugit rem temporibus. Vero dolor vitae soluta ut voluptatem id pariatur amet.', 3, '2021-02-01 01:43:28', '2021-02-01 01:43:28'),
(245, 20, 'Jaylin Bahringer', 'Cumque non qui est repellendus doloremque occaecati velit. Ducimus exercitationem ducimus rerum provident aut consequatur laboriosam vitae.', 0, '2021-02-01 01:43:28', '2021-02-01 01:43:28'),
(246, 80, 'Dr. Guy Roob', 'Consequuntur repellat a nesciunt omnis quia fuga. Itaque et porro ut necessitatibus. Architecto et minima et officia aliquam et doloremque et. Beatae doloremque voluptatum ut explicabo.', 5, '2021-02-01 01:43:28', '2021-02-01 01:43:28'),
(247, 49, 'Elroy Ryan I', 'Qui repellat doloremque accusantium dolorem perferendis dolores assumenda. Et et et optio veniam. Placeat aliquid id nisi earum.', 1, '2021-02-01 01:43:28', '2021-02-01 01:43:28'),
(248, 88, 'Noelia Quigley MD', 'Eos quis porro et qui. Quibusdam iure impedit asperiores et architecto. Eligendi perferendis ad perferendis.', 5, '2021-02-01 01:43:28', '2021-02-01 01:43:28'),
(249, 56, 'Dr. Amaya Hammes IV', 'Quod impedit vel et sit officiis ut laudantium et. Facere mollitia labore quos. Et quo consectetur cupiditate nihil.', 1, '2021-02-01 01:43:28', '2021-02-01 01:43:28'),
(250, 20, 'Prof. Annette Jacobs Sr.', 'Dolorem sed labore veniam sunt est. Quo consequatur veritatis necessitatibus est. Sit omnis quia perferendis quo nostrum consequatur nobis. Quisquam similique ipsum ut autem qui ullam.', 2, '2021-02-01 01:43:28', '2021-02-01 01:43:28'),
(251, 48, 'Virgil Stokes', 'Quibusdam blanditiis iusto debitis sapiente. Repudiandae quae temporibus ad facilis sed quo deleniti. Suscipit hic cumque dolorum.', 2, '2021-02-01 01:43:28', '2021-02-01 01:43:28'),
(252, 83, 'Mr. Jacques Windler Sr.', 'Reprehenderit consectetur veritatis quo dignissimos officia occaecati modi. Aut hic quia harum commodi omnis aliquid. Assumenda aut delectus autem tenetur voluptatem est.', 1, '2021-02-01 01:43:28', '2021-02-01 01:43:28'),
(253, 88, 'Kacie Jacobi', 'Suscipit sunt nihil blanditiis consequuntur dolorem voluptatum. Unde magnam velit dignissimos ipsum assumenda reiciendis. Eaque aspernatur veniam mollitia quia. Dolorem corporis excepturi sapiente et adipisci quibusdam rerum.', 2, '2021-02-01 01:43:28', '2021-02-01 01:43:28'),
(254, 68, 'Mr. Reilly Nitzsche', 'Sed dolores earum neque sapiente consequuntur impedit. Quas corrupti molestias error sapiente minus.', 1, '2021-02-01 01:43:28', '2021-02-01 01:43:28'),
(255, 97, 'Ms. Grace Weissnat MD', 'Temporibus aperiam qui ea sequi saepe odit rerum. Error quis repellendus natus consectetur. Eos sunt doloribus inventore provident voluptatem et officia.', 1, '2021-02-01 01:43:28', '2021-02-01 01:43:28'),
(256, 15, 'Kadin Haley', 'Sunt maiores qui praesentium natus molestiae rerum quae. Itaque molestiae aut similique harum molestias molestiae. Omnis fugiat quo accusantium autem dolorem non id et. Distinctio qui ratione corporis occaecati.', 1, '2021-02-01 01:43:28', '2021-02-01 01:43:28'),
(257, 83, 'Bernadine Schiller', 'Libero ut non quia et. Veniam error occaecati aut maiores animi natus. Voluptate iste non animi quo ut temporibus voluptatem. Modi voluptatem quis aut quia qui laborum.', 5, '2021-02-01 01:43:28', '2021-02-01 01:43:28'),
(258, 46, 'Mrs. Brittany Batz DVM', 'Voluptatum laboriosam quia nemo et voluptas. Quaerat dolore et est quaerat porro doloribus corrupti sit. Doloribus omnis qui et et rerum ea.', 5, '2021-02-01 01:43:28', '2021-02-01 01:43:28'),
(259, 85, 'Selmer Roberts', 'Non cumque id cumque tempora ad illo. Iure rerum in autem voluptas deserunt quia illum porro. Tempora non culpa vel.', 0, '2021-02-01 01:43:28', '2021-02-01 01:43:28'),
(260, 74, 'Myah Kshlerin', 'Tempora molestias dicta omnis illo quo id tenetur illum. Aliquid aliquid nemo est nisi omnis doloremque officiis. Sapiente atque corporis ut quod.', 4, '2021-02-01 01:43:28', '2021-02-01 01:43:28'),
(261, 90, 'Gunner Kuvalis', 'Repellendus dignissimos et minus alias sed corrupti sit dolores. Aut qui optio esse quasi saepe. Voluptatem delectus culpa illo.', 2, '2021-02-01 01:43:28', '2021-02-01 01:43:28'),
(262, 64, 'Marietta Little', 'Nihil quos aut doloribus quibusdam mollitia aut. Et natus consectetur quaerat. Accusantium id fugiat eligendi voluptate hic magnam aspernatur. Soluta provident sunt illo aliquid.', 1, '2021-02-01 01:43:28', '2021-02-01 01:43:28'),
(263, 61, 'Charlie Beer', 'Dolorem pariatur voluptas dolores consequatur occaecati. Eius libero fugiat possimus qui accusamus et. Non est nihil ut corrupti unde est at.', 2, '2021-02-01 01:43:28', '2021-02-01 01:43:28'),
(264, 11, 'Mrs. Leola Koelpin', 'Qui vitae quis velit ut provident. Occaecati sit laboriosam et odit. Dolorem voluptatem ad qui est deleniti autem.', 1, '2021-02-01 01:43:28', '2021-02-01 01:43:28'),
(265, 46, 'Ernie Schmidt', 'Harum non repellat necessitatibus modi velit velit culpa. Aliquam vel qui repudiandae aut provident. Eum numquam error eos deleniti dolore eos animi quasi.', 2, '2021-02-01 01:43:28', '2021-02-01 01:43:28'),
(266, 43, 'Joanne Orn IV', 'Quis sunt hic aut excepturi nihil omnis accusamus inventore. Quo accusamus hic aperiam enim molestiae accusantium nemo. Voluptatem dolor consequatur sunt iure. Velit officia magni nobis odit sit iusto tempora quas.', 5, '2021-02-01 01:43:28', '2021-02-01 01:43:28'),
(267, 27, 'Monserrate Mueller', 'Possimus est consequatur necessitatibus consectetur aut nemo. Totam ut nemo iste sunt perferendis doloribus quaerat. Dicta fuga alias quasi sit enim vel non non. Cumque placeat doloremque a amet.', 4, '2021-02-01 01:43:28', '2021-02-01 01:43:28'),
(268, 10, 'Dr. Felton Senger', 'Qui ut maxime iure et ut quasi molestiae vel. Velit commodi voluptas explicabo vero. Velit rerum et quos quibusdam.', 1, '2021-02-01 01:43:28', '2021-02-01 01:43:28'),
(269, 8, 'Lawson Kessler', 'Quaerat laborum dolorem quam tenetur perspiciatis voluptatem voluptatem ullam. Provident amet corporis iste est laboriosam molestiae. Recusandae quaerat a ad dolores reprehenderit enim.', 4, '2021-02-01 01:43:28', '2021-02-01 01:43:28'),
(270, 84, 'Leonora Roberts', 'Qui enim ut nesciunt labore. Incidunt voluptatem a qui ea. Distinctio deserunt et reprehenderit. Ut porro qui at.', 2, '2021-02-01 01:43:28', '2021-02-01 01:43:28'),
(271, 84, 'Mr. Chaz Gulgowski', 'Doloremque cumque rerum veritatis aut ut. Facere aut aut cum vel deserunt cupiditate quisquam. Ab laborum ducimus rerum.', 1, '2021-02-01 01:43:28', '2021-02-01 01:43:28'),
(272, 29, 'Mr. Gerhard Gerlach', 'Molestias sapiente consequatur ad quis. Voluptas eligendi asperiores consequatur debitis. Sunt sit sed maxime natus. Ipsum culpa vel ipsum nulla.', 3, '2021-02-01 01:43:28', '2021-02-01 01:43:28'),
(273, 61, 'Ms. April Hudson DVM', 'Cum debitis id consequatur cupiditate dolores voluptatem sequi. Perspiciatis iure magni facilis. Magni excepturi in sunt voluptatem expedita. Sint minima et saepe iste consectetur placeat consequatur sint.', 4, '2021-02-01 01:43:28', '2021-02-01 01:43:28'),
(274, 33, 'Alta Williamson', 'Consequatur totam dolorum rerum quidem voluptas. Aut adipisci ut sunt eum. Repellat qui praesentium esse quia quo eius. Harum exercitationem minus ut voluptatem accusamus et.', 4, '2021-02-01 01:43:28', '2021-02-01 01:43:28'),
(275, 5, 'Jacquelyn Mayert', 'Voluptatem modi totam saepe nihil voluptates error iure. Consequatur earum iste maiores dolore.', 5, '2021-02-01 01:43:28', '2021-02-01 01:43:28'),
(276, 24, 'Prof. Jo Leuschke', 'Qui suscipit atque rem. Reprehenderit aspernatur labore perferendis nesciunt. Et vel qui placeat occaecati assumenda unde delectus. Et saepe eum officia consequatur distinctio.', 1, '2021-02-01 01:43:28', '2021-02-01 01:43:28'),
(277, 48, 'Dimitri Durgan', 'Sed nesciunt perspiciatis quos voluptas ut qui eligendi. Qui sed illum corrupti qui voluptas libero. Occaecati eius sapiente id doloremque quibusdam eius laudantium. Qui sunt sed ea quam voluptas nihil est. Dolorem est nisi ut necessitatibus facilis non id.', 1, '2021-02-01 01:43:28', '2021-02-01 01:43:28'),
(278, 28, 'Addison Adams', 'Enim quia assumenda porro atque et ut numquam et. Expedita ipsa magnam ea. Molestiae ullam saepe et in consectetur reprehenderit ullam. Similique temporibus repudiandae quaerat tenetur quod qui ex.', 5, '2021-02-01 01:43:28', '2021-02-01 01:43:28'),
(279, 87, 'Vilma Schoen', 'Necessitatibus nemo at similique ratione harum ullam et. Autem quo sit eum maiores assumenda dolorem sapiente. Commodi vitae omnis et et voluptas eum. Vel qui quia placeat ducimus voluptates.', 1, '2021-02-01 01:43:28', '2021-02-01 01:43:28'),
(280, 84, 'Mona Stracke', 'Sint minima alias voluptas esse illo dolores aliquid. Doloribus saepe illum at debitis. Et quo nulla nihil perspiciatis praesentium autem. Aperiam occaecati perspiciatis facilis.', 5, '2021-02-01 01:43:28', '2021-02-01 01:43:28'),
(281, 7, 'Esteban Rodriguez', 'Voluptas perferendis ipsa adipisci inventore odit dolorem. Quo qui aperiam quaerat non vero sed sit. Velit accusantium ut id.', 0, '2021-02-01 01:43:28', '2021-02-01 01:43:28'),
(282, 21, 'Dovie Brown', 'Consectetur sunt repudiandae aliquam perspiciatis aliquam cum omnis. Quibusdam ullam maiores dolores omnis aliquid a vero explicabo. Quia fugiat quasi est. Architecto iste magnam sit perspiciatis.', 0, '2021-02-01 01:43:28', '2021-02-01 01:43:28'),
(283, 94, 'Mrs. Lupe Blanda DDS', 'Atque temporibus sit quas quis reiciendis autem quia doloremque. Voluptas aut molestias dolore. Sapiente qui sit molestias iusto.', 1, '2021-02-01 01:43:28', '2021-02-01 01:43:28'),
(284, 84, 'Pauline Douglas', 'Sint dolor est in voluptas nulla consequatur velit blanditiis. Expedita quidem recusandae culpa enim. Labore reiciendis non voluptas id voluptate dolorem maxime consequatur. Qui expedita omnis asperiores nihil illo dolor adipisci est.', 2, '2021-02-01 01:43:28', '2021-02-01 01:43:28'),
(285, 88, 'Jesse Runte', 'Nisi eaque sit iusto quod nobis ab sapiente. Accusamus aliquam omnis tenetur praesentium quia rerum. Pariatur dignissimos facere in omnis inventore eligendi ut expedita.', 4, '2021-02-01 01:43:28', '2021-02-01 01:43:28'),
(286, 76, 'Franz Rohan', 'Nostrum necessitatibus modi recusandae reprehenderit rerum perspiciatis. Ut ab recusandae laboriosam quia.', 0, '2021-02-01 01:43:28', '2021-02-01 01:43:28'),
(287, 36, 'Rosella Ryan', 'Quia rerum et distinctio eaque est corporis qui. Nesciunt ut blanditiis cumque et rerum. Saepe et assumenda exercitationem. Repellat minima amet consequatur neque suscipit.', 4, '2021-02-01 01:43:28', '2021-02-01 01:43:28'),
(288, 83, 'Nelda Gaylord', 'Et sunt tempore velit reprehenderit nulla. Dolorum reprehenderit ex sed doloribus quisquam tenetur similique. Fuga eos nobis omnis hic non ad.', 2, '2021-02-01 01:43:28', '2021-02-01 01:43:28'),
(289, 60, 'Ms. Joanny Denesik II', 'Aut omnis praesentium sint consectetur. Beatae mollitia perferendis quam voluptatum quae. Accusamus est dolores sint quidem. In libero quae ducimus laborum.', 0, '2021-02-01 01:43:28', '2021-02-01 01:43:28'),
(290, 45, 'Christian Paucek', 'Debitis quo ad ut dignissimos. Maiores labore rem vel ut voluptatem aspernatur inventore. Et esse optio et quis.', 0, '2021-02-01 01:43:28', '2021-02-01 01:43:28'),
(291, 22, 'Savannah Runolfsson IV', 'Aut quia accusamus provident sunt. Voluptas eaque omnis libero facere quis voluptas. Est provident inventore voluptates et. Eos eaque sint sed hic et et rerum.', 4, '2021-02-01 01:43:28', '2021-02-01 01:43:28'),
(292, 49, 'Andreanne Gislason', 'Quaerat aliquam dolorem et eos quisquam impedit cumque. Omnis omnis sed itaque in quia perferendis. Est aut omnis omnis distinctio rerum deserunt voluptas aut.', 3, '2021-02-01 01:43:28', '2021-02-01 01:43:28'),
(293, 18, 'Omer Renner', 'Qui quia nemo sit molestiae labore. Aspernatur non ea ratione voluptate nostrum omnis. Ex dicta iure et iste nam dolorem rem repudiandae. Quasi molestias nobis omnis.', 5, '2021-02-01 01:43:28', '2021-02-01 01:43:28'),
(294, 43, 'Eli Hagenes Jr.', 'Velit accusamus autem cupiditate exercitationem velit facere est aut. Aliquid quae necessitatibus ipsum et consequatur aliquid ipsam.', 3, '2021-02-01 01:43:28', '2021-02-01 01:43:28'),
(295, 28, 'Maybell Gottlieb', 'Facilis voluptate earum numquam nemo quod optio magni reprehenderit. Illum qui nostrum laborum ipsum dolorem fugit. Eum ut dolores ipsum et rerum ut dicta.', 3, '2021-02-01 01:43:28', '2021-02-01 01:43:28'),
(296, 30, 'Michelle Kovacek', 'Perspiciatis rerum quia ut cumque voluptatem. Dolor nisi illo debitis id. Voluptas quia modi molestiae voluptates sunt animi. Eaque quidem vitae cumque est rerum omnis exercitationem.', 5, '2021-02-01 01:43:28', '2021-02-01 01:43:28'),
(297, 19, 'Stanton Farrell', 'Autem alias vel occaecati deleniti doloremque. Velit consectetur quos vel vero exercitationem dolorem. Sunt est quo impedit sed aliquam ea. Quo consequatur quaerat enim est.', 0, '2021-02-01 01:43:28', '2021-02-01 01:43:28'),
(298, 17, 'Bobbie Hilpert', 'Consequatur maiores magni laborum voluptatibus facere dicta tempore. Maiores error quidem illo consequuntur consequuntur quia. Alias cum autem praesentium ex neque. Odio magni eaque velit voluptatibus dolor dolore.', 2, '2021-02-01 01:43:28', '2021-02-01 01:43:28'),
(299, 99, 'Dr. Tianna Schaden II', 'Pariatur officia modi saepe. Recusandae porro ullam non. Omnis placeat aliquam recusandae est est et sed.', 0, '2021-02-01 01:43:28', '2021-02-01 01:43:28'),
(300, 27, 'Mr. Korey Pfannerstill', 'Repudiandae aut perspiciatis tempore nihil. Laboriosam voluptatum ea rerum numquam nam. Laboriosam quia enim consectetur nihil vel voluptatem a.', 1, '2021-02-01 01:43:28', '2021-02-01 01:43:28');

-- --------------------------------------------------------

--
-- Table structure for table `users`
--

CREATE TABLE `users` (
  `id` bigint(20) UNSIGNED NOT NULL,
  `name` varchar(255) COLLATE utf8mb4_unicode_ci NOT NULL,
  `email` varchar(255) COLLATE utf8mb4_unicode_ci NOT NULL,
  `email_verified_at` timestamp NULL DEFAULT NULL,
  `password` varchar(255) COLLATE utf8mb4_unicode_ci NOT NULL,
  `remember_token` varchar(100) COLLATE utf8mb4_unicode_ci DEFAULT NULL,
  `created_at` timestamp NULL DEFAULT NULL,
  `updated_at` timestamp NULL DEFAULT NULL
) ENGINE=InnoDB DEFAULT CHARSET=utf8mb4 COLLATE=utf8mb4_unicode_ci;

--
-- Indexes for dumped tables
--

--
-- Indexes for table `failed_jobs`
--
ALTER TABLE `failed_jobs`
  ADD PRIMARY KEY (`id`);

--
-- Indexes for table `migrations`
--
ALTER TABLE `migrations`
  ADD PRIMARY KEY (`id`);

--
-- Indexes for table `password_resets`
--
ALTER TABLE `password_resets`
  ADD KEY `password_resets_email_index` (`email`);

--
-- Indexes for table `products`
--
ALTER TABLE `products`
  ADD PRIMARY KEY (`id`);

--
-- Indexes for table `reviews`
--
ALTER TABLE `reviews`
  ADD PRIMARY KEY (`id`),
  ADD KEY `reviews_product_id_foreign` (`product_id`);

--
-- Indexes for table `users`
--
ALTER TABLE `users`
  ADD PRIMARY KEY (`id`),
  ADD UNIQUE KEY `users_email_unique` (`email`);

--
-- AUTO_INCREMENT for dumped tables
--

--
-- AUTO_INCREMENT for table `failed_jobs`
--
ALTER TABLE `failed_jobs`
  MODIFY `id` bigint(20) UNSIGNED NOT NULL AUTO_INCREMENT;

--
-- AUTO_INCREMENT for table `migrations`
--
ALTER TABLE `migrations`
  MODIFY `id` int(10) UNSIGNED NOT NULL AUTO_INCREMENT, AUTO_INCREMENT=6;

--
-- AUTO_INCREMENT for table `products`
--
ALTER TABLE `products`
  MODIFY `id` bigint(20) UNSIGNED NOT NULL AUTO_INCREMENT, AUTO_INCREMENT=101;

--
-- AUTO_INCREMENT for table `reviews`
--
ALTER TABLE `reviews`
  MODIFY `id` bigint(20) UNSIGNED NOT NULL AUTO_INCREMENT, AUTO_INCREMENT=301;

--
-- AUTO_INCREMENT for table `users`
--
ALTER TABLE `users`
  MODIFY `id` bigint(20) UNSIGNED NOT NULL AUTO_INCREMENT;

--
-- Constraints for dumped tables
--

--
-- Constraints for table `reviews`
--
ALTER TABLE `reviews`
  ADD CONSTRAINT `reviews_product_id_foreign` FOREIGN KEY (`product_id`) REFERENCES `products` (`id`) ON DELETE CASCADE;
COMMIT;

/*!40101 SET CHARACTER_SET_CLIENT=@OLD_CHARACTER_SET_CLIENT */;
/*!40101 SET CHARACTER_SET_RESULTS=@OLD_CHARACTER_SET_RESULTS */;
/*!40101 SET COLLATION_CONNECTION=@OLD_COLLATION_CONNECTION */;
